date,day,time,stadium,stadium_id,home,away,cancelled,reason,note,daily_temp_max,daily_temp_min,daily_temp_mean,daily_precip_sum,daily_rain_sum,daily_precip_hours,daily_wind_max,daily_wind_gust_max,pre_game_precip,pre_game_temp,pre_game_humidity,pre_game_wind,prev_day_precip
2019-03-29,금,18:30,한밭,daejeon,한화,NC,False,정상진행,-,15.8,3.9,9.4,0.0,0.0,0.0,13.3,32.4,0.0,14.5,40.5,10.6,0.0
2019-03-30,토,17:00,한밭,daejeon,한화,NC,False,정상진행,-,11.9,2.4,6.3,2.9,2.1,5.0,29.6,70.2,0.6,9.9,53.2,25.7,0.0
2019-03-31,일,14:00,한밭,daejeon,한화,NC,False,정상진행,-,8.0,0.9,4.5,0.0,0.0,0.0,24.8,56.9,0.0,7.6,36.5,23.9,2.9
2019-04-02,화,18:30,한밭,daejeon,한화,LG,False,정상진행,-,12.1,-0.3,5.7,0.0,0.0,0.0,18.2,43.6,0.0,10.6,32.0,16.4,0.0
2019-04-03,수,18:30,한밭,daejeon,한화,LG,False,정상진행,-,12.6,-1.1,5.8,0.0,0.0,0.0,17.7,41.0,0.0,11.2,32.5,15.5,0.0
2019-04-04,목,18:30,한밭,daejeon,한화,LG,False,정상진행,-,15.1,0.4,7.1,0.0,0.0,0.0,19.7,45.4,0.0,13.2,34.0,17.8,0.0
2019-04-09,화,18:30,한밭,daejeon,한화,SK,True,우천취소,우천취소,17.5,4.8,10.2,19.2,19.2,9.0,32.3,70.9,2.2,12.4,51.0,22.0,0.0
2019-04-10,수,18:30,한밭,daejeon,한화,SK,False,정상진행,-,8.8,4.2,6.8,13.7,13.7,5.0,35.7,75.6,0.0,8.4,69.2,13.3,19.2
2019-04-11,목,18:30,한밭,daejeon,한화,SK,False,정상진행,-,14.6,1.7,8.4,0.0,0.0,0.0,7.3,22.3,0.0,13.9,40.8,5.6,13.7
2019-04-19,금,18:30,한밭,daejeon,한화,삼성,False,정상진행,-,17.1,11.0,13.7,1.0,1.0,5.0,16.5,39.6,0.0,16.3,56.2,14.0,0.0
2019-04-20,토,17:00,한밭,daejeon,한화,삼성,False,정상진행,-,21.1,10.6,15.2,0.9,0.9,4.0,14.7,34.9,0.0,20.6,50.8,12.2,1.0
2019-04-21,일,14:00,한밭,daejeon,한화,삼성,False,정상진행,-,20.6,10.8,16.0,0.0,0.0,0.0,13.5,32.4,0.0,19.3,64.2,10.4,0.9
2019-04-23,화,18:30,한밭,daejeon,한화,롯데,True,우천취소,우천취소,25.2,12.9,18.0,5.7,5.7,8.0,13.8,34.6,2.0,20.4,65.8,10.6,0.0
2019-04-24,수,18:30,한밭,daejeon,한화,롯데,False,정상진행,-,22.0,14.6,17.4,18.1,18.1,11.0,11.4,28.4,0.1,20.8,70.2,8.6,5.7
2019-04-25,목,18:30,한밭,daejeon,한화,롯데,True,우천취소,우천취소,18.5,11.1,14.5,14.1,14.1,15.0,16.5,36.7,5.3,14.6,94.2,12.7,18.1
2019-04-30,화,18:30,한밭,daejeon,한화,두산,False,정상진행,-,22.5,8.9,14.4,0.0,0.0,0.0,15.3,35.3,0.0,20.8,57.8,8.5,18.8
2019-05-01,수,18:30,한밭,daejeon,한화,두산,False,정상진행,-,20.5,8.2,13.9,0.3,0.3,3.0,15.6,36.7,0.2,19.8,53.0,14.7,0.0
2019-05-02,목,18:30,한밭,daejeon,한화,두산,False,정상진행,-,22.0,6.9,13.8,0.0,0.0,0.0,15.5,34.6,0.0,20.6,36.5,13.4,0.3
2019-05-03,금,18:30,한밭,daejeon,한화,KT,False,정상진행,-,25.3,7.4,16.1,0.0,0.0,0.0,11.0,25.9,0.0,24.4,37.8,10.3,0.0
2019-05-04,토,17:00,한밭,daejeon,한화,KT,False,정상진행,-,26.1,8.7,17.4,0.0,0.0,0.0,7.8,21.2,0.0,25.8,32.2,7.0,0.0
2019-05-05,일,14:00,한밭,daejeon,한화,KT,False,정상진행,-,25.7,11.1,18.2,0.0,0.0,0.0,14.3,33.1,0.0,24.9,27.5,7.8,0.0
2019-05-14,화,18:30,한밭,daejeon,한화,키움,False,정상진행,-,27.0,13.7,20.2,0.0,0.0,0.0,10.7,27.4,0.0,26.4,37.0,10.2,1.0
2019-05-15,수,18:30,한밭,daejeon,한화,키움,False,정상진행,-,27.6,14.6,21.1,0.0,0.0,0.0,9.0,24.8,0.0,27.2,35.8,8.1,0.0
2019-05-16,목,18:30,한밭,daejeon,한화,키움,False,정상진행,-,28.7,15.6,22.5,0.0,0.0,0.0,16.3,34.6,0.0,28.5,35.5,6.1,0.0
2019-05-17,금,18:30,한밭,daejeon,한화,KIA,False,정상진행,-,28.5,15.7,22.7,0.0,0.0,0.0,14.5,33.8,0.0,27.2,33.2,11.8,0.0
2019-05-18,토,17:00,한밭,daejeon,한화,KIA,False,정상진행,-,20.5,16.4,17.9,30.3,30.3,18.0,23.1,50.0,5.8,18.1,84.0,21.4,0.0
2019-05-19,일,14:00,한밭,daejeon,한화,KIA,False,정상진행,-,22.5,16.5,19.2,14.1,14.1,11.0,16.3,45.0,3.6,21.3,84.0,11.7,30.3
2019-05-28,화,18:30,한밭,daejeon,한화,KIA,False,정상진행,-,22.2,11.9,16.4,0.0,0.0,0.0,13.8,30.6,0.0,21.7,41.2,11.7,27.0
2019-05-29,수,18:30,한밭,daejeon,한화,KIA,False,정상진행,-,24.7,11.9,18.0,0.0,0.0,0.0,18.9,43.9,0.0,24.0,44.8,16.3,0.0
2019-05-30,목,18:30,한밭,daejeon,한화,KIA,False,정상진행,-,24.7,12.8,18.1,1.3,1.3,2.0,15.6,36.0,0.0,21.9,45.5,12.7,0.0
2019-06-07,금,18:30,한밭,daejeon,한화,LG,False,정상진행,-,20.1,17.7,18.7,31.2,31.2,18.0,23.8,56.5,1.0,19.9,87.2,15.6,8.1
2019-06-08,토,17:00,한밭,daejeon,한화,LG,False,정상진행,-,26.9,14.9,20.3,0.0,0.0,0.0,18.3,43.2,0.0,24.7,60.0,11.7,31.2
2019-06-09,일,17:00,한밭,daejeon,한화,LG,False,정상진행,-,26.1,15.7,20.9,5.4,5.4,8.0,9.8,25.2,0.1,25.8,49.0,8.0,0.0
2019-06-11,화,18:30,한밭,daejeon,한화,두산,False,정상진행,-,23.6,14.9,19.1,0.9,0.9,6.0,13.7,30.2,0.1,22.5,60.0,9.8,10.4
2019-06-12,수,18:30,한밭,daejeon,한화,두산,False,정상진행,-,25.4,13.7,19.6,0.0,0.0,0.0,8.9,22.0,0.0,25.2,45.2,5.9,0.9
2019-06-13,목,18:30,한밭,daejeon,한화,두산,False,정상진행,-,28.2,14.1,21.3,0.0,0.0,0.0,10.1,24.1,0.0,27.5,49.0,5.6,0.0
2019-06-18,화,18:30,한밭,daejeon,한화,롯데,False,정상진행,-,25.4,16.7,20.6,1.0,1.0,1.0,18.0,41.4,1.0,22.3,78.5,9.3,0.0
2019-06-19,수,18:30,한밭,daejeon,한화,롯데,False,정상진행,-,26.6,17.2,21.7,0.1,0.1,1.0,10.6,23.4,0.0,26.4,56.0,4.8,1.0
2019-06-20,목,18:30,한밭,daejeon,한화,롯데,False,정상진행,-,28.3,16.5,22.2,0.0,0.0,0.0,14.0,32.0,0.0,27.6,54.5,11.2,0.1
2019-06-21,금,18:30,한밭,daejeon,한화,삼성,False,정상진행,-,28.5,17.3,22.8,0.0,0.0,0.0,11.9,27.0,0.0,28.3,45.0,7.5,0.0
2019-06-22,토,17:00,한밭,daejeon,한화,삼성,False,정상진행,-,27.2,18.6,22.3,1.0,1.0,6.0,13.7,31.3,0.6,25.7,60.2,6.8,0.0
2019-06-23,일,17:00,한밭,daejeon,한화,삼성,False,정상진행,-,28.9,17.5,23.0,0.0,0.0,0.0,16.8,38.2,0.0,28.4,32.2,10.9,1.0
2019-06-28,금,18:30,한밭,daejeon,한화,키움,False,정상진행,-,28.4,20.7,23.3,3.9,3.9,10.0,15.5,36.4,0.0,27.0,66.8,11.2,0.5
2019-06-29,토,17:00,한밭,daejeon,한화,키움,True,우천취소,우천취소,22.8,20.7,21.4,32.7,32.7,21.0,12.8,31.7,9.4,22.5,91.2,10.7,3.9
2019-06-30,일,17:00,한밭,daejeon,한화,키움,False,정상진행,-,27.0,18.8,22.6,0.0,0.0,0.0,16.8,38.5,0.0,26.7,66.8,15.1,32.7
2019-07-05,금,18:30,한밭,daejeon,한화,KT,False,정상진행,-,32.3,18.4,25.0,0.0,0.0,0.0,5.8,16.2,0.0,31.3,45.5,4.8,0.0
2019-07-06,토,18:00,한밭,daejeon,한화,KT,False,정상진행,-,31.1,20.1,25.5,0.0,0.0,0.0,17.3,40.7,0.0,30.7,41.5,15.1,0.0
2019-07-07,일,18:00,한밭,daejeon,한화,KT,False,정상진행,-,28.9,20.2,24.4,0.0,0.0,0.0,20.6,48.2,0.0,28.1,43.5,13.6,0.0
2019-07-09,화,18:30,한밭,daejeon,한화,SK,False,정상진행,-,26.6,18.9,23.3,0.0,0.0,0.0,16.6,40.7,0.0,25.9,52.5,13.0,0.1
2019-07-10,수,18:30,한밭,daejeon,한화,SK,True,우천취소,우천취소,24.4,19.5,21.5,14.7,14.7,12.0,22.8,52.2,6.5,21.3,88.5,16.2,0.0
2019-07-11,목,18:30,한밭,daejeon,한화,SK,False,정상진행,-,25.0,19.3,21.8,1.0,1.0,6.0,16.6,37.1,0.0,24.5,74.2,10.5,14.7
2019-08-03,토,18:00,한밭,daejeon,한화,SK,False,정상진행,-,33.3,24.3,28.4,2.6,2.6,4.0,8.2,24.1,0.9,31.0,74.8,6.3,0.1
2019-08-04,일,17:00,한밭,daejeon,한화,SK,False,정상진행,-,33.0,24.5,28.4,0.9,0.9,6.0,10.1,26.3,0.2,31.7,65.0,6.2,2.6
2019-08-13,화,18:30,한밭,daejeon,한화,NC,False,정상진행,-,33.4,24.0,28.4,2.4,2.4,8.0,7.1,25.9,1.5,30.6,72.2,2.5,6.3
2019-08-14,수,18:30,한밭,daejeon,한화,NC,False,정상진행,-,33.1,25.0,29.1,0.0,0.0,0.0,17.6,40.0,0.0,32.3,57.8,16.6,2.4
2019-08-20,화,18:30,한밭,daejeon,한화,삼성,False,정상진행,-,31.7,22.5,27.0,0.0,0.0,0.0,14.1,33.5,0.0,30.6,52.0,10.5,0.0
2019-08-21,수,18:30,한밭,daejeon,한화,삼성,True,우천취소,우천취소,30.7,22.4,26.6,1.6,1.6,11.0,12.2,28.4,0.3,29.5,65.5,5.1,0.0
2019-08-24,토,18:00,한밭,daejeon,한화,두산,False,정상진행,-,26.3,19.2,22.6,0.0,0.0,0.0,9.2,24.1,0.0,25.9,64.8,8.9,0.0
2019-08-25,일,17:00,한밭,daejeon,한화,두산,False,정상진행,-,28.3,18.5,23.1,0.0,0.0,0.0,14.8,33.1,0.0,27.7,53.5,12.2,0.0
2019-08-31,토,18:00,한밭,daejeon,한화,KT,False,정상진행,-,25.3,17.6,21.6,0.7,0.7,4.0,11.2,27.4,0.1,24.7,67.0,9.1,1.9
2019-09-01,일,14:00,한밭,daejeon,한화,KT,False,정상진행,-,26.8,17.6,22.3,0.0,0.0,0.0,10.5,22.3,0.0,26.4,60.0,3.6,0.7
2019-09-03,화,18:30,한밭,daejeon,한화,KIA,False,정상진행,-,22.9,20.0,21.6,23.2,23.2,19.0,11.5,25.9,3.4,22.7,92.0,9.6,0.7
2019-09-04,수,18:30,한밭,daejeon,한화,KIA,False,정상진행,-,27.4,21.4,23.6,16.5,16.5,19.0,12.2,34.9,2.5,25.1,90.0,2.6,23.2
2019-09-07,토,17:00,한밭,daejeon,한화,롯데,False,정상진행,-,29.2,22.8,25.9,8.6,8.6,19.0,45.3,103.0,1.4,27.4,77.5,36.7,5.0
2019-09-08,일,14:00,한밭,daejeon,한화,롯데,False,정상진행,-,26.6,22.6,24.3,3.6,3.6,16.0,15.9,34.6,0.4,26.0,84.5,4.5,8.6
2019-09-14,토,17:00,한밭,daejeon,한화,롯데,False,정상진행,-,27.2,16.7,22.2,0.0,0.0,0.0,9.0,22.0,0.0,26.9,65.8,7.7,0.0
2019-09-15,일,14:00,한밭,daejeon,한화,롯데,False,정상진행,-,27.9,20.8,23.7,0.1,0.1,1.0,12.7,27.4,0.0,26.3,70.2,7.9,0.0
2019-09-17,화,18:30,한밭,daejeon,한화,키움,False,정상진행,-,26.1,16.4,21.4,0.0,0.0,0.0,14.5,33.8,0.0,25.2,56.5,8.3,0.0
2019-09-20,금,18:30,한밭,daejeon,한화,삼성,False,정상진행,-,22.1,15.7,18.9,0.5,0.5,1.0,15.9,36.0,0.0,20.6,65.2,14.1,0.0
2019-09-21,토,17:00,한밭,daejeon,한화,SK,True,우천취소,우천취소,21.1,15.5,18.1,35.7,35.7,14.0,26.7,58.0,9.0,17.3,79.5,19.8,0.5
2019-09-22,일,14:00,한밭,daejeon,한화,SK,True,우천취소,우천취소,17.8,15.8,16.8,70.8,70.8,22.0,30.4,67.0,20.4,17.3,85.5,29.3,35.7
2019-09-22,일,14:00,한밭,daejeon,한화,SK,True,우천취소,우천취소,17.8,15.8,16.8,70.8,70.8,22.0,30.4,67.0,13.6,17.3,85.0,28.5,35.7
2019-09-22,일,17:00,한밭,daejeon,한화,SK,True,우천취소,우천취소,17.8,15.8,16.8,70.8,70.8,22.0,30.4,67.0,20.4,17.3,85.5,29.3,35.7
2019-09-22,일,17:00,한밭,daejeon,한화,SK,True,우천취소,우천취소,17.8,15.8,16.8,70.8,70.8,22.0,30.4,67.0,13.6,17.3,85.0,28.5,35.7
2019-09-29,일,14:00,한밭,daejeon,한화,SK,False,정상진행,-,26.8,17.6,21.7,0.0,0.0,0.0,8.0,20.5,0.0,25.8,60.8,6.3,0.0
2019-09-30,월,18:30,한밭,daejeon,한화,SK,False,정상진행,-,27.3,15.4,21.2,0.0,0.0,0.0,8.7,18.7,0.0,26.2,66.0,4.8,0.0
2020-05-12,화,18:30,한밭,daejeon,한화,KIA,False,정상진행,-,20.2,11.3,15.5,2.4,2.4,5.0,29.5,65.9,0.0,18.5,54.0,22.1,0.0
2020-05-13,수,18:30,한밭,daejeon,한화,KIA,False,정상진행,-,21.3,8.4,14.9,0.0,0.0,0.0,21.6,50.4,0.0,20.4,28.0,18.6,2.4
2020-05-14,목,18:30,한밭,daejeon,한화,KIA,False,정상진행,-,27.5,10.7,19.3,0.0,0.0,0.0,9.8,24.1,0.0,26.4,25.5,8.5,0.0
2020-05-15,금,18:30,한밭,daejeon,한화,롯데,False,정상진행,-,19.6,15.6,17.4,18.4,18.4,19.0,16.3,37.1,2.0,18.8,80.8,11.6,0.0
2020-05-16,토,14:00,한밭,daejeon,한화,롯데,False,정상진행,-,20.7,14.9,17.6,0.9,0.9,8.0,10.0,25.9,0.0,19.0,78.8,8.5,18.4
2020-05-17,일,14:00,한밭,daejeon,한화,롯데,False,정상진행,-,26.0,14.3,19.5,0.0,0.0,0.0,14.5,30.6,0.0,23.7,62.8,3.3,0.9
2020-05-26,화,18:30,한밭,daejeon,한화,LG,False,정상진행,-,23.8,11.9,17.6,1.3,1.3,1.0,17.7,40.0,0.0,22.4,52.5,15.9,0.0
2020-05-27,수,18:30,한밭,daejeon,한화,LG,False,정상진행,-,24.3,12.6,17.9,0.9,0.9,2.0,14.0,32.4,0.0,23.1,44.8,11.6,1.3
2020-05-28,목,18:30,한밭,daejeon,한화,LG,False,정상진행,-,24.0,10.9,17.8,0.0,0.0,0.0,17.3,40.3,0.0,22.7,50.0,14.9,0.9
2020-06-02,화,18:30,한밭,daejeon,한화,키움,False,정상진행,-,24.9,13.0,19.1,1.8,1.8,2.0,16.3,37.4,1.1,23.1,48.0,10.0,0.0
2020-06-03,수,18:30,한밭,daejeon,한화,키움,False,정상진행,-,28.6,18.7,22.3,0.4,0.4,4.0,14.8,35.3,0.0,27.8,48.8,12.6,1.8
2020-06-04,목,18:30,한밭,daejeon,한화,키움,False,정상진행,-,30.2,19.3,23.3,0.3,0.3,3.0,18.7,43.6,0.0,27.6,53.8,17.9,0.4
2020-06-05,금,18:30,한밭,daejeon,한화,NC,False,정상진행,-,31.7,18.8,23.9,0.3,0.3,3.0,14.7,32.4,0.0,30.6,42.0,10.6,0.3
2020-06-06,토,14:00,한밭,daejeon,한화,NC,False,정상진행,-,31.6,18.5,23.6,1.4,1.4,5.0,13.4,35.6,0.0,30.6,44.8,3.0,0.3
2020-06-07,일,17:00,한밭,daejeon,한화,NC,False,정상진행,-,31.1,17.6,23.0,0.0,0.0,0.0,21.0,46.4,0.0,29.3,45.8,10.1,1.4
2020-06-12,금,18:30,한밭,daejeon,한화,두산,False,정상진행,-,27.1,20.8,23.8,9.3,9.3,10.0,9.2,19.1,3.2,24.3,92.2,5.4,20.8
2020-06-13,토,17:00,한밭,daejeon,한화,두산,False,정상진행,-,30.3,20.3,24.8,8.4,8.4,9.0,16.4,38.5,0.0,29.6,57.0,11.3,9.3
2020-06-14,일,17:00,한밭,daejeon,한화,두산,False,정상진행,-,27.8,19.8,23.8,6.1,6.1,13.0,18.0,41.0,0.0,27.2,56.0,17.1,8.4
2020-06-16,화,18:30,한밭,daejeon,한화,LG,False,정상진행,-,28.9,18.9,23.3,0.1,0.1,1.0,12.4,31.7,0.0,28.3,48.0,5.2,0.0
2020-06-17,수,18:30,한밭,daejeon,한화,LG,False,정상진행,-,26.4,19.0,22.2,0.0,0.0,0.0,14.0,32.0,0.0,25.0,58.8,12.9,0.1
2020-06-18,목,18:30,한밭,daejeon,한화,LG,False,정상진행,-,22.7,19.5,20.6,6.0,6.0,15.0,14.6,33.5,0.0,22.3,70.8,13.2,0.0
2020-06-26,금,18:30,한밭,daejeon,한화,KT,False,정상진행,-,27.0,19.5,22.4,0.4,0.4,4.0,16.9,38.5,0.0,25.7,63.5,13.3,5.2
2020-06-27,토,17:00,한밭,daejeon,한화,KT,False,정상진행,-,28.4,18.3,23.2,0.1,0.1,1.0,8.2,20.2,0.0,28.2,56.8,6.1,0.4
2020-06-28,일,17:00,한밭,daejeon,한화,KT,False,정상진행,-,30.0,18.0,23.7,0.1,0.1,1.0,10.3,25.2,0.0,29.5,47.0,9.6,0.1
2020-07-07,화,18:30,한밭,daejeon,한화,롯데,False,정상진행,-,27.2,21.3,24.0,5.6,5.6,14.0,14.9,33.5,1.4,27.0,68.5,12.5,2.5
2020-07-08,수,18:30,한밭,daejeon,한화,롯데,False,정상진행,-,28.9,18.0,23.4,0.0,0.0,0.0,10.4,24.5,0.0,28.1,60.0,7.9,5.6
2020-07-09,목,18:30,한밭,daejeon,한화,롯데,False,정상진행,-,31.4,19.7,25.3,0.3,0.3,2.0,12.5,29.2,0.0,30.6,51.0,9.7,0.0
2020-07-10,금,18:30,한밭,daejeon,한화,SK,False,정상진행,-,25.7,21.9,23.8,61.1,61.1,18.0,18.2,47.5,37.8,24.7,89.8,10.5,0.3
2020-07-11,토,18:00,한밭,daejeon,한화,SK,False,정상진행,-,29.7,21.5,25.3,1.9,1.9,4.0,10.3,24.8,0.0,28.7,62.2,8.5,61.1
2020-07-12,일,17:00,한밭,daejeon,한화,SK,True,우천취소,우천취소,23.7,19.9,21.9,35.5,35.5,20.0,24.7,52.9,4.3,21.9,92.5,14.1,1.9
2020-07-13,월,18:30,한밭,daejeon,한화,SK,False,정상진행,-,21.4,17.9,19.5,95.5,95.5,24.0,35.5,78.8,1.8,21.1,86.0,23.4,35.5
2020-07-21,화,18:30,한밭,daejeon,한화,KIA,False,정상진행,-,28.9,19.8,24.2,0.0,0.0,0.0,8.0,19.8,0.0,28.4,61.0,6.8,12.4
2020-07-22,수,18:30,한밭,daejeon,한화,KIA,False,정상진행,-,25.0,20.9,23.0,53.9,53.9,18.0,13.2,28.8,2.3,23.5,90.5,9.9,0.0
2020-07-23,목,18:30,한밭,daejeon,한화,KIA,True,우천취소,우천취소,22.5,19.8,21.2,65.5,65.5,19.0,32.7,78.5,12.0,22.2,90.5,30.5,53.9
2020-07-24,금,18:30,한밭,daejeon,한화,SK,False,정상진행,-,25.6,19.9,22.4,14.7,14.7,18.0,26.9,64.1,0.6,24.8,77.8,11.8,65.5
2020-07-25,토,18:00,한밭,daejeon,한화,SK,True,우천취소,우천취소,25.7,20.2,22.8,4.5,4.5,17.0,12.3,32.8,1.5,25.1,82.8,9.1,14.7
2020-07-26,일,17:00,한밭,daejeon,한화,SK,False,정상진행,-,27.4,20.6,23.6,3.6,3.6,15.0,10.1,26.6,1.1,26.9,71.2,7.8,4.5
2020-07-27,월,18:30,한밭,daejeon,한화,SK,False,정상진행,-,27.0,21.3,23.6,5.2,5.2,13.0,6.9,18.4,1.6,25.9,79.5,5.3,3.6
2020-08-04,화,18:30,한밭,daejeon,한화,NC,True,우천취소,우천취소,30.8,24.6,27.1,2.5,2.5,3.0,19.2,46.8,2.4,28.8,80.5,8.0,7.8
2020-08-05,수,18:30,한밭,daejeon,한화,NC,False,정상진행,-,30.7,24.8,27.0,6.5,6.5,13.0,17.2,54.4,0.1,28.3,82.8,10.2,2.5
2020-08-06,목,18:30,한밭,daejeon,한화,NC,False,정상진행,-,26.5,23.6,25.4,26.0,26.0,19.0,34.3,85.0,1.8,25.9,95.0,18.0,6.5
2020-08-07,금,18:30,한밭,daejeon,한화,KT,True,우천취소,우천취소,24.5,21.0,23.2,69.3,69.3,21.0,11.9,51.1,28.2,23.4,95.5,11.1,26.0
2020-08-08,토,18:00,한밭,daejeon,한화,KT,True,우천취소,우천취소,25.0,22.2,24.1,56.7,56.7,22.0,16.8,41.0,13.7,24.8,98.5,13.9,69.3
2020-08-09,일,17:00,한밭,daejeon,한화,KT,False,정상진행,-,28.9,24.8,26.3,18.5,18.5,15.0,25.6,69.8,0.8,28.0,82.8,16.2,56.7
2020-08-10,월,18:30,한밭,daejeon,한화,KT,True,우천취소,우천취소,29.4,25.0,26.6,54.2,54.2,12.0,15.5,37.8,48.7,26.4,93.5,9.7,18.5
2020-08-14,금,18:30,한밭,daejeon,한화,삼성,False,정상진행,-,31.0,25.9,27.8,0.4,0.4,3.0,24.0,65.9,0.0,29.7,79.5,20.1,1.1
2020-08-15,토,17:00,한밭,daejeon,한화,삼성,False,정상진행,-,31.1,25.3,27.7,0.3,0.3,3.0,18.4,50.8,0.0,30.6,71.0,16.1,0.4
2020-08-16,일,17:00,한밭,daejeon,한화,삼성,False,정상진행,-,31.2,24.0,27.1,0.0,0.0,0.0,18.9,42.5,0.0,30.6,69.0,17.1,0.3
2020-08-20,목,18:30,한밭,daejeon,한화,KT,False,정상진행,-,32.1,21.7,26.6,0.0,0.0,0.0,7.3,18.0,0.0,31.6,60.0,4.6,0.0
2020-08-21,금,18:30,한밭,daejeon,한화,KT,False,정상진행,-,31.9,23.2,27.3,0.0,0.0,0.0,7.6,16.9,0.0,31.7,60.0,3.9,0.0
2020-08-27,목,18:30,한밭,daejeon,한화,삼성,False,정상진행,-,31.3,26.4,28.2,6.9,6.9,15.0,28.4,84.2,4.3,28.8,83.5,12.6,6.5
2020-08-28,금,18:30,한밭,daejeon,한화,삼성,True,우천취소,우천취소,31.7,25.2,27.7,8.0,8.0,14.0,10.9,31.3,2.5,29.7,78.0,5.2,6.9
2020-09-03,목,18:30,한밭,daejeon,한화,키움,False,정상진행,-,25.1,21.0,22.9,41.3,41.3,18.0,34.5,76.0,2.0,24.1,76.2,22.4,20.4
2020-09-04,금,18:30,한밭,daejeon,한화,키움,False,정상진행,-,26.8,19.8,22.7,0.0,0.0,0.0,16.1,37.1,0.0,25.9,57.5,9.4,41.3
2020-09-05,토,17:00,한밭,daejeon,한화,KIA,False,정상진행,-,24.2,17.7,21.0,0.0,0.0,0.0,15.2,33.5,0.0,23.3,66.5,11.9,0.0
2020-09-06,일,14:00,한밭,daejeon,한화,KIA,False,정상진행,-,23.9,18.1,20.4,14.9,14.9,14.0,25.2,54.0,0.6,23.2,76.0,15.3,0.0
2020-09-10,목,18:30,한밭,daejeon,한화,SK,False,정상진행,-,25.7,18.3,21.7,0.4,0.4,4.0,16.4,34.9,0.0,25.1,63.5,5.7,8.6
2020-09-11,금,18:30,한밭,daejeon,한화,SK,False,정상진행,-,24.3,18.4,21.1,8.5,8.5,12.0,16.6,38.9,5.0,21.9,89.0,9.9,0.4
2020-09-15,화,18:30,한밭,daejeon,한화,LG,False,정상진행,-,26.9,15.8,21.7,0.1,0.1,1.0,10.2,25.2,0.1,25.3,67.2,7.0,0.0
2020-09-16,수,18:30,한밭,daejeon,한화,LG,False,정상진행,-,26.0,19.8,22.2,8.9,8.9,16.0,9.8,24.1,0.7,24.2,77.5,8.0,0.1
2020-09-22,화,18:30,한밭,daejeon,한화,두산,False,정상진행,-,22.3,14.7,18.1,0.0,0.0,0.0,18.3,41.4,0.0,21.3,62.0,13.2,0.0
2020-09-23,수,18:30,한밭,daejeon,한화,두산,False,정상진행,-,22.3,14.4,18.1,0.0,0.0,0.0,22.7,50.4,0.0,21.2,62.2,13.7,0.0
2020-09-24,목,18:30,한밭,daejeon,한화,롯데,False,정상진행,-,23.7,15.6,19.3,0.5,0.5,2.0,17.3,40.7,0.5,21.9,70.2,11.5,0.0
2020-09-25,금,18:30,한밭,daejeon,한화,롯데,False,정상진행,-,24.0,14.4,19.0,0.1,0.1,1.0,14.7,36.0,0.0,23.1,60.5,12.0,0.5
2020-09-26,토,17:00,한밭,daejeon,한화,NC,False,정상진행,-,23.5,14.1,18.5,0.0,0.0,0.0,14.3,33.8,0.0,22.9,53.2,12.1,0.1
2020-09-27,일,14:00,한밭,daejeon,한화,NC,False,정상진행,-,23.4,14.2,18.8,0.0,0.0,0.0,11.4,28.4,0.0,22.8,55.2,10.2,0.0
2020-09-29,화,18:30,한밭,daejeon,한화,두산,False,정상진행,-,23.1,11.1,17.4,0.0,0.0,0.0,9.4,24.8,0.0,21.6,59.0,5.7,0.0
2020-09-30,수,14:00,한밭,daejeon,한화,두산,False,정상진행,-,23.8,12.8,18.4,0.0,0.0,0.0,8.3,22.0,0.0,22.8,54.8,6.5,0.0
2020-10-01,목,14:00,한밭,daejeon,한화,두산,False,정상진행,-,23.2,14.5,18.4,0.3,0.3,2.0,11.0,28.1,0.3,22.0,66.8,10.1,0.0
2020-10-09,금,17:00,한밭,daejeon,한화,키움,False,정상진행,-,21.5,11.8,16.4,0.0,0.0,0.0,23.3,55.4,0.0,20.8,45.0,19.3,0.0
2020-10-10,토,17:00,한밭,daejeon,한화,키움,False,정상진행,-,21.8,11.5,16.5,0.0,0.0,0.0,12.4,29.5,0.0,21.3,47.0,9.1,0.0
2020-10-11,일,14:00,한밭,daejeon,한화,키움,False,정상진행,-,21.7,12.5,16.8,0.6,0.6,2.0,14.0,29.9,0.0,21.2,55.2,3.8,0.0
2020-10-16,금,18:30,한밭,daejeon,한화,삼성,False,정상진행,-,17.1,7.3,12.0,0.0,0.0,0.0,8.7,22.3,0.0,15.4,61.0,5.0,0.0
2020-10-17,토,14:00,한밭,daejeon,한화,삼성,False,정상진행,-,18.4,7.4,12.1,0.0,0.0,0.0,8.9,23.0,0.0,17.5,56.2,7.2,0.0
2020-10-17,토,14:00,한밭,daejeon,한화,삼성,False,정상진행,-,18.4,7.4,12.1,0.0,0.0,0.0,8.9,23.0,0.0,17.7,52.0,7.8,0.0
2020-10-17,토,17:00,한밭,daejeon,한화,삼성,False,정상진행,-,18.4,7.4,12.1,0.0,0.0,0.0,8.9,23.0,0.0,17.5,56.2,7.2,0.0
2020-10-17,토,17:00,한밭,daejeon,한화,삼성,False,정상진행,-,18.4,7.4,12.1,0.0,0.0,0.0,8.9,23.0,0.0,17.7,52.0,7.8,0.0
2020-10-18,일,14:00,한밭,daejeon,한화,삼성,False,정상진행,-,18.5,5.3,11.4,0.0,0.0,0.0,10.9,28.4,0.0,17.0,47.8,10.2,0.0
2020-10-22,목,18:30,한밭,daejeon,한화,KIA,False,정상진행,-,18.9,9.2,13.2,0.1,0.1,1.0,18.4,40.7,0.0,16.0,52.2,15.9,0.3
2020-10-23,금,18:30,한밭,daejeon,한화,NC,False,정상진행,-,13.4,6.3,9.4,0.0,0.0,0.0,18.3,42.1,0.0,11.5,46.0,15.6,0.1
2020-10-29,목,18:30,한밭,daejeon,한화,KT,False,정상진행,-,15.9,5.0,10.1,0.0,0.0,0.0,9.7,22.7,0.0,13.8,32.0,7.7,0.0
2020-10-30,금,18:30,한밭,daejeon,한화,KT,False,정상진행,-,17.9,3.8,10.7,0.0,0.0,0.0,12.6,31.7,0.0,15.5,43.5,7.9,0.0
2021-04-09,금,18:30,한밭,daejeon,한화,두산,False,정상진행,-,18.2,3.1,10.8,0.0,0.0,0.0,19.3,43.9,0.0,15.6,45.0,18.8,0.0
2021-04-10,토,17:00,한밭,daejeon,한화,두산,False,정상진행,-,18.4,6.0,11.9,0.0,0.0,0.0,17.7,40.3,0.0,18.1,32.5,6.7,0.0
2021-04-11,일,14:00,한밭,daejeon,한화,두산,False,정상진행,-,22.1,4.6,13.8,0.0,0.0,0.0,14.8,31.0,0.0,20.2,31.2,7.9,0.0
2021-04-20,화,18:30,한밭,daejeon,한화,키움,False,정상진행,-,23.5,4.8,14.5,0.0,0.0,0.0,9.4,22.3,0.0,23.1,32.0,3.5,0.0
2021-04-21,수,18:30,한밭,daejeon,한화,키움,False,정상진행,-,28.3,9.6,18.0,0.0,0.0,0.0,16.8,41.0,0.0,25.0,31.2,12.8,0.0
2021-04-22,목,18:30,한밭,daejeon,한화,키움,False,정상진행,-,28.2,14.6,20.4,0.0,0.0,0.0,17.9,44.3,0.0,26.2,21.5,14.2,0.0
2021-04-23,금,18:30,한밭,daejeon,한화,LG,False,정상진행,-,22.6,14.6,18.2,0.5,0.5,2.0,26.4,58.3,0.0,21.5,24.8,21.9,0.0
2021-04-24,토,14:00,한밭,daejeon,한화,LG,False,정상진행,-,23.6,12.5,17.4,0.0,0.0,0.0,22.0,52.2,0.0,22.1,30.0,5.2,0.5
2021-04-25,일,14:00,한밭,daejeon,한화,LG,False,정상진행,-,23.9,9.7,17.2,0.0,0.0,0.0,23.3,49.3,0.0,22.4,35.5,15.1,0.0
2021-05-04,화,18:30,한밭,daejeon,한화,삼성,False,정상진행,기타,21.7,10.5,16.3,11.7,11.7,11.0,19.6,48.6,2.5,18.9,78.8,16.9,0.0
2021-05-05,수,14:00,한밭,daejeon,한화,삼성,False,정상진행,-,19.0,9.5,14.3,2.7,2.7,3.0,24.6,56.9,0.0,18.3,34.2,22.2,11.7
2021-05-06,목,18:30,한밭,daejeon,한화,삼성,False,정상진행,-,22.8,8.4,15.6,0.0,0.0,0.0,17.4,40.0,0.0,20.9,33.0,15.1,2.7
2021-05-11,화,18:30,한밭,daejeon,한화,NC,False,정상진행,-,21.3,11.9,16.2,4.6,4.6,10.0,23.3,51.8,0.0,20.9,45.2,22.4,8.5
2021-05-12,수,18:30,한밭,daejeon,한화,NC,False,정상진행,-,25.9,13.0,19.3,0.0,0.0,0.0,22.4,47.5,0.0,25.3,44.2,13.7,4.6
2021-05-13,목,18:30,한밭,daejeon,한화,NC,False,정상진행,-,29.1,13.4,21.5,0.0,0.0,0.0,9.5,22.0,0.0,28.7,37.0,6.7,0.0
2021-05-18,화,18:30,한밭,daejeon,한화,롯데,False,정상진행,-,23.1,12.2,17.2,0.0,0.0,0.0,8.0,24.1,0.0,22.9,56.0,3.4,7.1
2021-05-19,수,14:00,한밭,daejeon,한화,롯데,False,정상진행,-,26.1,12.0,19.1,0.0,0.0,0.0,9.8,23.8,0.0,24.2,46.2,5.2,0.0
2021-05-20,목,18:30,한밭,daejeon,한화,롯데,True,우천취소,우천취소,19.4,15.6,17.6,12.0,12.0,13.0,18.0,41.0,2.0,17.4,89.2,12.2,0.0
2021-05-21,금,18:30,한밭,daejeon,한화,KT,False,정상진행,-,17.7,13.1,15.1,2.8,2.8,10.0,19.1,39.6,0.5,15.9,82.8,12.3,12.0
2021-05-22,토,17:00,한밭,daejeon,한화,KT,False,정상진행,-,24.7,11.8,17.3,0.0,0.0,0.0,12.6,29.2,0.0,24.3,54.2,12.0,2.8
2021-05-23,일,14:00,한밭,daejeon,한화,KT,False,정상진행,-,25.7,11.5,18.7,0.0,0.0,0.0,7.4,18.7,0.0,23.8,53.8,3.9,0.0
2021-05-28,금,18:30,한밭,daejeon,한화,SSG,False,정상진행,-,21.2,12.2,16.4,15.2,15.2,8.0,20.2,60.1,0.2,20.1,66.2,18.9,3.8
2021-05-29,토,17:00,한밭,daejeon,한화,SSG,False,정상진행,-,23.8,11.9,17.5,0.0,0.0,0.0,18.4,42.8,0.0,22.5,44.2,16.1,15.2
2021-05-30,일,14:00,한밭,daejeon,한화,SSG,False,정상진행,-,26.6,12.2,19.5,0.5,0.5,3.0,12.3,29.9,0.0,24.9,48.2,3.0,0.0
2021-06-01,화,18:30,한밭,daejeon,한화,KIA,False,정상진행,-,27.4,15.5,21.4,0.0,0.0,0.0,13.3,33.1,0.0,26.4,42.8,8.8,8.8
2021-06-02,수,18:30,한밭,daejeon,한화,KIA,False,정상진행,-,29.3,16.1,22.8,0.0,0.0,0.0,16.8,39.2,0.0,28.1,41.5,9.8,0.0
2021-06-03,목,18:30,한밭,daejeon,한화,KIA,True,우천취소,우천취소,21.8,16.1,19.2,20.3,20.3,14.0,10.2,32.0,4.6,20.4,93.5,7.1,0.0
2021-06-08,화,18:30,한밭,daejeon,한화,키움,False,정상진행,-,30.6,16.3,23.6,0.0,0.0,0.0,6.1,30.2,0.0,29.6,44.8,4.7,0.0
2021-06-09,수,18:30,한밭,daejeon,한화,키움,False,정상진행,-,32.7,19.3,25.8,0.0,0.0,0.0,11.0,25.2,0.0,32.2,37.8,6.4,0.0
2021-06-10,목,18:30,한밭,daejeon,한화,키움,False,정상진행,-,31.0,19.5,24.8,2.8,2.8,4.0,19.7,48.2,0.0,28.9,46.8,16.4,0.0
2021-06-15,화,18:30,한밭,daejeon,한화,롯데,False,정상진행,-,22.5,21.0,21.7,13.3,13.3,17.0,17.7,41.0,0.0,22.1,85.5,13.8,0.9
2021-06-16,수,15:00,한밭,daejeon,한화,롯데,False,정상진행,-,26.2,19.7,22.7,0.1,0.1,1.0,26.1,58.3,0.0,25.9,56.8,23.5,13.3
2021-06-16,수,15:00,한밭,daejeon,한화,롯데,False,정상진행,-,26.2,19.7,22.7,0.1,0.1,1.0,26.1,58.3,0.0,25.4,56.2,20.4,13.3
2021-06-16,수,18:30,한밭,daejeon,한화,롯데,False,정상진행,-,26.2,19.7,22.7,0.1,0.1,1.0,26.1,58.3,0.0,25.9,56.8,23.5,13.3
2021-06-16,수,18:30,한밭,daejeon,한화,롯데,False,정상진행,-,26.2,19.7,22.7,0.1,0.1,1.0,26.1,58.3,0.0,25.4,56.2,20.4,13.3
2021-06-17,목,18:30,한밭,daejeon,한화,롯데,False,정상진행,-,24.9,18.1,21.2,1.4,1.4,5.0,14.4,32.4,0.0,23.4,71.0,4.0,0.1
2021-06-18,금,18:30,한밭,daejeon,한화,SSG,False,정상진행,-,24.7,19.1,21.2,2.9,2.9,13.0,18.7,42.8,0.1,23.8,76.0,15.0,1.4
2021-06-19,토,17:00,한밭,daejeon,한화,SSG,False,정상진행,-,28.0,18.4,22.2,0.0,0.0,0.0,12.2,28.1,0.0,27.7,47.8,7.7,2.9
2021-06-20,일,17:00,한밭,daejeon,한화,SSG,False,정상진행,-,30.3,17.2,23.0,0.0,0.0,0.0,22.2,50.0,0.0,29.2,38.2,21.4,0.0
2021-06-25,금,18:30,한밭,daejeon,한화,KT,False,정상진행,-,27.6,17.9,23.1,1.2,1.2,8.0,8.0,22.3,0.0,27.2,55.5,7.5,2.6
2021-06-26,토,17:00,한밭,daejeon,한화,KT,False,정상진행,-,26.6,20.2,22.7,7.6,7.6,10.0,11.2,26.6,0.0,26.2,55.5,8.9,1.2
2021-06-27,일,17:00,한밭,daejeon,한화,KT,False,정상진행,-,29.4,19.1,24.3,0.9,0.9,5.0,7.8,19.1,0.1,28.9,52.0,2.0,7.6
2021-06-29,화,18:30,한밭,daejeon,한화,두산,False,정상진행,기타,27.6,20.0,23.5,13.7,13.7,15.0,11.4,26.3,4.0,25.7,76.0,6.6,5.7
2021-06-30,수,18:30,한밭,daejeon,한화,두산,False,정상진행,-,28.4,19.9,23.8,3.4,3.4,10.0,5.2,18.4,2.0,26.2,70.0,2.5,13.7
2021-07-01,목,18:30,한밭,daejeon,한화,두산,False,정상진행,-,31.5,20.4,26.0,0.0,0.0,0.0,8.0,25.2,0.0,31.1,46.8,6.1,3.4
2021-07-06,화,18:30,한밭,daejeon,한화,KIA,True,우천취소,우천취소,27.1,20.5,23.3,11.0,11.0,9.0,12.4,35.6,0.2,24.9,79.5,8.4,22.2
2021-07-07,수,18:30,한밭,daejeon,한화,KIA,False,정상진행,-,26.7,22.6,24.6,15.3,15.3,23.0,14.1,33.5,1.3,25.9,90.8,7.6,11.0
2021-07-08,목,18:30,한밭,daejeon,한화,KIA,False,정상진행,기타,28.6,22.8,25.4,17.2,17.2,17.0,15.1,42.8,0.4,27.8,71.2,13.4,15.3
2021-07-16,금,18:30,한밭,daejeon,한화,LG,False,정상진행,기타,32.3,22.9,26.6,6.5,6.5,6.0,9.2,27.7,3.7,28.8,75.2,4.9,5.6
2021-07-17,토,18:00,한밭,daejeon,한화,LG,False,정상진행,기타,30.1,22.8,25.7,2.5,2.5,8.0,15.2,38.5,0.9,28.0,74.5,5.7,6.5
2021-07-18,일,17:00,한밭,daejeon,한화,LG,False,정상진행,기타,31.2,22.5,26.7,1.3,1.3,4.0,10.5,25.2,0.5,29.9,63.2,6.5,2.5
2021-08-13,금,18:30,한밭,daejeon,한화,NC,False,정상진행,-,31.2,22.3,26.5,0.0,0.0,0.0,14.0,37.1,0.0,28.8,57.8,12.8,1.7
2021-08-14,토,18:00,한밭,daejeon,한화,NC,False,정상진행,-,28.9,23.4,25.2,1.8,1.8,10.0,16.0,40.7,0.5,26.4,67.8,14.8,0.0
2021-08-15,일,17:00,한밭,daejeon,한화,NC,False,정상진행,-,31.1,21.0,26.2,0.3,0.3,2.0,16.3,37.4,0.2,30.8,44.0,7.0,1.8
2021-08-17,화,18:30,한밭,daejeon,한화,삼성,False,정상진행,-,29.5,21.5,25.0,1.5,1.5,6.0,19.0,53.3,0.6,27.1,59.5,15.7,0.0
2021-08-18,수,18:30,한밭,daejeon,한화,삼성,False,정상진행,-,28.0,20.9,23.7,7.0,7.0,10.0,19.2,46.4,5.5,24.1,83.5,7.3,1.5
2021-08-19,목,18:30,한밭,daejeon,한화,삼성,False,정상진행,-,29.3,20.1,24.1,3.4,3.4,10.0,14.6,36.4,1.1,27.7,57.0,9.9,7.0
2021-08-28,토,18:00,한밭,daejeon,한화,NC,False,정상진행,-,26.1,17.9,21.9,6.7,6.7,6.0,8.6,32.4,0.1,25.2,65.8,3.5,29.7
2021-08-29,일,17:00,한밭,daejeon,한화,NC,False,정상진행,-,25.8,20.0,22.1,8.0,8.0,6.0,13.0,31.7,0.0,25.6,71.2,8.2,6.7
2021-08-31,화,18:30,한밭,daejeon,한화,KT,False,정상진행,-,27.6,21.1,23.6,3.7,3.7,13.0,10.8,27.7,0.7,26.1,80.8,2.4,4.3
2021-09-01,수,18:30,한밭,daejeon,한화,KT,False,정상진행,-,25.5,21.7,23.8,20.8,20.8,23.0,27.2,70.9,2.5,24.0,91.0,6.6,3.7
2021-09-04,토,17:00,한밭,daejeon,한화,KIA,False,정상진행,-,26.1,18.1,22.1,0.0,0.0,0.0,12.7,28.8,0.0,25.5,61.5,10.2,0.2
2021-09-05,일,14:00,한밭,daejeon,한화,KIA,False,정상진행,-,25.3,19.4,22.0,1.8,1.8,9.0,16.8,38.5,0.5,24.5,66.8,15.4,0.0
2021-09-11,토,17:00,한밭,daejeon,한화,삼성,False,정상진행,-,28.0,18.5,22.8,0.0,0.0,0.0,8.7,18.4,0.0,27.9,61.5,3.6,0.4
2021-09-12,일,14:00,한밭,daejeon,한화,삼성,False,정상진행,-,28.3,17.5,22.8,0.0,0.0,0.0,9.5,25.9,0.0,26.9,66.2,7.7,0.0
2021-09-12,일,14:00,한밭,daejeon,한화,삼성,False,정상진행,-,28.3,17.5,22.8,0.0,0.0,0.0,9.5,25.9,0.0,27.9,63.5,7.6,0.0
2021-09-12,일,17:00,한밭,daejeon,한화,삼성,False,정상진행,-,28.3,17.5,22.8,0.0,0.0,0.0,9.5,25.9,0.0,26.9,66.2,7.7,0.0
2021-09-12,일,17:00,한밭,daejeon,한화,삼성,False,정상진행,-,28.3,17.5,22.8,0.0,0.0,0.0,9.5,25.9,0.0,27.9,63.5,7.6,0.0
2021-09-18,토,17:00,한밭,daejeon,한화,롯데,False,정상진행,-,26.2,16.0,21.1,0.0,0.0,0.0,11.5,29.2,0.0,26.0,58.2,8.7,37.0
2021-09-19,일,14:00,한밭,daejeon,한화,롯데,False,정상진행,-,25.7,17.6,21.7,0.0,0.0,0.0,10.8,27.4,0.0,25.3,63.2,10.5,0.0
2021-09-21,화,14:00,한밭,daejeon,한화,LG,False,정상진행,-,24.8,20.4,22.3,31.2,31.2,12.0,19.1,50.8,0.7,23.2,79.8,16.2,0.0
2021-09-22,수,14:00,한밭,daejeon,한화,LG,False,정상진행,-,24.9,18.2,21.3,9.7,9.7,12.0,20.7,54.4,0.8,23.7,73.0,17.9,31.2
2021-09-28,화,18:30,한밭,daejeon,한화,키움,False,정상진행,-,25.0,18.7,21.4,0.7,0.7,6.0,12.8,29.5,0.2,23.5,74.8,4.4,0.1
2021-09-29,수,18:30,한밭,daejeon,한화,키움,True,우천취소,우천취소,24.5,20.0,21.5,24.0,24.0,20.0,18.2,49.7,9.7,21.7,96.0,9.8,0.7
2021-10-05,화,18:30,한밭,daejeon,한화,두산,False,정상진행,-,26.6,18.5,22.4,0.0,0.0,0.0,16.7,39.6,0.0,24.6,72.0,11.7,0.0
2021-10-06,수,18:30,한밭,daejeon,한화,두산,False,정상진행,-,26.2,18.0,21.3,0.0,0.0,0.0,16.2,33.8,0.0,24.8,65.2,12.1,0.0
2021-10-07,목,18:30,한밭,daejeon,한화,SSG,False,정상진행,-,24.8,18.1,20.7,4.6,4.6,7.0,13.6,30.6,3.4,21.5,91.8,5.8,0.0
2021-10-08,금,18:30,한밭,daejeon,한화,SSG,False,정상진행,-,22.6,18.6,20.4,0.2,0.2,2.0,14.1,31.3,0.0,21.2,86.8,9.9,4.6
2021-10-09,토,17:00,한밭,daejeon,한화,KIA,False,정상진행,-,27.5,19.2,22.6,0.0,0.0,0.0,13.3,31.7,0.0,27.2,60.0,3.7,0.2
2021-10-10,일,14:00,한밭,daejeon,한화,KIA,False,정상진행,-,27.5,17.4,22.4,2.7,2.7,6.0,19.2,45.0,0.0,27.2,61.2,15.4,0.0
2021-10-10,일,14:00,한밭,daejeon,한화,KIA,False,정상진행,-,27.5,17.4,22.4,2.7,2.7,6.0,19.2,45.0,0.1,26.5,66.8,16.5,0.0
2021-10-10,일,17:00,한밭,daejeon,한화,KIA,False,정상진행,-,27.5,17.4,22.4,2.7,2.7,6.0,19.2,45.0,0.0,27.2,61.2,15.4,0.0
2021-10-10,일,17:00,한밭,daejeon,한화,KIA,False,정상진행,-,27.5,17.4,22.4,2.7,2.7,6.0,19.2,45.0,0.1,26.5,66.8,16.5,0.0
2021-10-25,월,18:30,한밭,daejeon,한화,키움,False,정상진행,-,16.1,4.8,9.8,0.0,0.0,0.0,10.7,25.2,0.0,13.9,60.8,6.8,0.0
2021-10-26,화,18:30,한밭,daejeon,한화,LG,False,정상진행,-,17.2,4.0,11.0,0.0,0.0,0.0,7.6,17.3,0.0,16.1,62.2,3.7,0.0
2021-10-27,수,18:30,한밭,daejeon,한화,LG,False,정상진행,-,18.1,8.3,12.6,0.0,0.0,0.0,12.5,28.1,0.0,14.9,50.5,10.1,0.0
2021-10-28,목,18:30,한밭,daejeon,한화,LG,False,정상진행,-,16.9,5.0,10.7,0.0,0.0,0.0,14.9,31.0,0.0,15.1,53.5,7.1,0.0
2021-10-30,토,17:00,한밭,daejeon,한화,두산,False,정상진행,-,17.8,9.2,12.8,0.0,0.0,0.0,10.2,21.6,0.0,17.1,61.2,4.1,0.0
2022-04-08,금,18:30,한밭,daejeon,한화,KT,False,정상진행,-,21.1,2.8,11.9,0.0,0.0,0.0,14.9,33.8,0.0,20.1,25.8,13.5,1.0
2022-04-09,토,17:00,한밭,daejeon,한화,KT,False,정상진행,-,24.7,11.6,17.5,0.0,0.0,0.0,22.0,49.3,0.0,23.9,34.2,21.5,0.0
2022-04-10,일,14:00,한밭,daejeon,한화,KT,False,정상진행,-,25.8,11.3,17.6,0.0,0.0,0.0,18.9,41.4,0.0,24.1,18.2,11.0,0.0
2022-04-15,금,18:30,한밭,daejeon,한화,LG,False,정상진행,-,19.1,5.7,11.9,0.0,0.0,0.0,17.9,38.9,0.0,17.5,30.2,16.6,3.7
2022-04-16,토,17:00,한밭,daejeon,한화,LG,False,정상진행,-,18.9,4.7,11.8,0.0,0.0,0.0,17.1,37.8,0.0,18.2,30.8,13.9,0.0
2022-04-17,일,14:00,한밭,daejeon,한화,LG,False,정상진행,-,20.9,3.4,12.3,0.0,0.0,0.0,12.2,30.2,0.0,19.1,25.5,9.9,0.0
2022-04-22,금,18:30,한밭,daejeon,한화,SSG,False,정상진행,-,24.6,11.1,16.1,0.0,0.0,0.0,29.1,64.4,0.0,19.2,63.0,22.5,0.0
2022-04-23,토,17:00,한밭,daejeon,한화,SSG,False,정상진행,-,26.8,11.6,18.3,0.0,0.0,0.0,16.4,36.4,0.0,26.2,23.8,6.2,0.0
2022-04-24,일,14:00,한밭,daejeon,한화,SSG,False,정상진행,-,26.6,11.5,17.9,0.0,0.0,0.0,17.2,40.3,0.0,24.9,45.8,10.2,0.0
2022-04-26,화,18:30,한밭,daejeon,한화,키움,False,정상진행,-,24.9,15.8,18.9,16.4,16.4,14.0,13.2,31.0,0.0,23.9,54.0,10.4,0.8
2022-04-27,수,18:30,한밭,daejeon,한화,키움,False,정상진행,-,22.6,11.0,16.4,0.0,0.0,0.0,12.9,29.5,0.0,22.1,34.8,6.0,16.4
2022-04-28,목,18:30,한밭,daejeon,한화,키움,False,정상진행,-,26.3,9.4,16.7,0.0,0.0,0.0,20.6,46.8,0.0,21.0,47.8,15.6,0.0
2022-05-06,금,18:30,한밭,daejeon,한화,KIA,False,정상진행,-,26.1,9.8,18.6,0.0,0.0,0.0,13.8,32.4,0.0,24.9,39.0,13.0,0.0
2022-05-07,토,17:00,한밭,daejeon,한화,KIA,False,정상진행,-,23.2,11.8,17.3,0.0,0.0,0.0,17.1,40.7,0.0,22.7,26.8,15.7,0.0
2022-05-08,일,14:00,한밭,daejeon,한화,KIA,False,정상진행,-,23.4,12.0,17.2,0.0,0.0,0.0,20.9,43.9,0.0,21.9,34.0,4.0,0.0
2022-05-13,금,18:30,한밭,daejeon,한화,롯데,False,정상진행,-,22.8,15.0,19.2,0.7,0.7,4.0,14.5,31.7,0.2,21.4,48.8,10.2,0.0
2022-05-14,토,17:00,한밭,daejeon,한화,롯데,False,정상진행,-,20.7,9.7,15.3,0.0,0.0,0.0,22.0,47.9,0.0,19.7,29.0,20.9,0.7
2022-05-15,일,14:00,한밭,daejeon,한화,롯데,False,정상진행,-,21.1,9.7,15.1,0.0,0.0,0.0,16.6,36.7,0.0,19.9,23.2,12.6,0.0
2022-05-17,화,18:30,한밭,daejeon,한화,삼성,False,정상진행,-,26.5,12.0,19.2,0.1,0.1,1.0,20.2,43.9,0.1,24.4,34.5,18.5,0.0
2022-05-18,수,18:30,한밭,daejeon,한화,삼성,False,정상진행,-,27.6,16.3,21.1,0.0,0.0,0.0,28.2,61.2,0.0,25.7,27.0,26.0,0.1
2022-05-19,목,18:30,한밭,daejeon,한화,삼성,False,정상진행,-,25.8,15.9,20.1,0.0,0.0,0.0,22.7,51.1,0.0,23.6,24.2,19.4,0.0
2022-05-24,화,18:30,한밭,daejeon,한화,두산,False,정상진행,-,31.9,13.6,22.7,0.0,0.0,0.0,18.2,37.8,0.0,31.4,20.0,9.6,0.0
2022-05-25,수,18:30,한밭,daejeon,한화,두산,False,정상진행,-,29.6,14.5,21.5,0.0,0.0,0.0,19.8,43.2,0.0,27.2,34.2,17.9,0.0
2022-05-26,목,18:30,한밭,daejeon,한화,두산,False,정상진행,-,25.9,13.1,19.2,2.9,2.9,3.0,20.6,45.0,0.0,24.3,26.0,16.6,0.0
2022-05-31,화,18:30,한밭,daejeon,한화,NC,False,정상진행,-,28.5,13.1,20.5,0.0,0.0,0.0,18.8,43.6,0.0,26.5,22.5,18.3,1.5
2022-06-01,수,17:00,한밭,daejeon,한화,NC,False,정상진행,-,31.3,14.9,22.7,0.0,0.0,0.0,19.1,42.1,0.0,30.4,16.2,17.6,0.0
2022-06-02,목,18:30,한밭,daejeon,한화,NC,False,정상진행,-,28.7,14.7,21.4,0.0,0.0,0.0,14.9,36.7,0.0,27.5,40.0,14.8,0.0
2022-06-03,금,18:30,한밭,daejeon,한화,키움,False,정상진행,-,33.5,17.5,24.7,0.2,0.2,2.0,13.7,32.8,0.0,33.0,25.0,8.2,0.0
2022-06-04,토,17:00,한밭,daejeon,한화,키움,False,정상진행,-,32.7,17.9,25.2,0.0,0.0,0.0,17.6,38.9,0.0,32.3,26.8,7.5,0.2
2022-06-05,일,17:00,한밭,daejeon,한화,키움,True,우천취소,우천취소,23.8,17.6,19.7,16.9,16.9,13.0,17.6,39.6,9.8,18.8,90.5,14.7,0.0
2022-06-14,화,18:30,한밭,daejeon,한화,롯데,True,우천취소,우천취소,22.5,16.3,18.8,1.8,1.8,5.0,26.0,56.5,1.3,19.8,65.2,15.9,0.1
2022-06-15,수,18:30,한밭,daejeon,한화,롯데,False,정상진행,-,23.9,15.6,18.9,15.0,15.0,23.0,23.7,50.8,0.7,22.7,70.5,22.6,1.8
2022-06-16,목,18:30,한밭,daejeon,한화,롯데,False,정상진행,-,25.1,16.7,20.5,0.6,0.6,6.0,17.7,41.0,0.0,24.6,52.8,11.4,15.0
2022-06-24,금,18:30,한밭,daejeon,한화,삼성,False,정상진행,-,28.0,22.0,24.3,8.6,8.6,11.0,24.2,53.6,0.0,26.5,70.0,21.2,9.2
2022-06-25,토,17:00,한밭,daejeon,한화,삼성,False,정상진행,-,31.1,22.0,25.4,1.5,1.5,9.0,21.5,43.2,0.8,29.2,64.8,15.2,8.6
2022-06-26,일,17:00,한밭,daejeon,한화,삼성,False,정상진행,-,29.6,23.2,26.1,4.0,4.0,7.0,20.4,49.7,3.3,27.0,83.8,11.1,1.5
2022-06-28,화,18:30,한밭,daejeon,한화,SSG,False,정상진행,-,31.5,25.4,28.0,0.2,0.2,2.0,33.6,78.1,0.1,30.5,59.5,29.3,6.3
2022-06-29,수,18:30,한밭,daejeon,한화,SSG,False,정상진행,-,26.8,23.6,25.8,11.5,11.5,20.0,27.8,59.8,1.5,26.4,89.5,19.3,0.2
2022-06-30,목,18:30,한밭,daejeon,한화,SSG,True,그라운드사정,그라운드사정,29.1,23.2,25.5,11.0,11.0,17.0,21.6,50.4,0.7,26.5,84.5,12.4,11.5
2022-07-05,화,18:30,한밭,daejeon,한화,NC,False,정상진행,-,30.9,24.2,27.1,6.1,6.1,13.0,9.8,22.7,2.9,30.1,72.8,5.5,3.5
2022-07-06,수,18:30,한밭,daejeon,한화,NC,False,정상진행,-,33.5,23.3,28.4,0.5,0.5,5.0,13.4,28.4,0.1,32.9,57.5,6.5,6.1
2022-07-07,목,18:30,한밭,daejeon,한화,NC,False,정상진행,-,34.3,25.8,28.7,1.7,1.7,7.0,22.4,49.7,0.9,29.6,74.0,20.1,0.5
2022-07-22,금,18:30,한밭,daejeon,한화,KT,False,정상진행,-,29.1,21.0,24.5,3.0,3.0,10.0,13.0,31.0,0.7,27.8,62.8,11.3,35.2
2022-07-23,토,18:00,한밭,daejeon,한화,KT,False,정상진행,-,28.1,20.5,24.2,9.6,9.6,7.0,10.7,25.6,0.4,26.3,77.0,7.2,3.0
2022-07-24,일,17:00,한밭,daejeon,한화,KT,False,정상진행,-,28.3,22.4,25.2,10.6,10.6,22.0,16.1,34.6,0.8,28.1,76.8,11.6,9.6
2022-07-29,금,18:30,한밭,daejeon,한화,두산,False,정상진행,-,33.0,24.6,28.9,1.0,1.0,5.0,14.1,28.1,0.5,31.9,63.5,8.2,0.8
2022-07-30,토,18:00,한밭,daejeon,한화,두산,False,정상진행,-,31.8,25.0,28.3,1.1,1.1,7.0,19.8,45.7,0.5,29.9,70.8,12.7,1.0
2022-07-31,일,17:00,한밭,daejeon,한화,두산,True,우천취소,우천취소,29.0,25.2,26.7,36.3,36.3,19.0,16.6,40.3,7.8,27.8,88.0,9.7,1.1
2022-08-02,화,18:30,한밭,daejeon,한화,KIA,False,정상진행,-,29.9,25.6,27.3,10.5,10.5,20.0,25.0,54.7,1.2,28.8,78.8,21.2,14.3
2022-08-03,수,18:30,한밭,daejeon,한화,KIA,False,정상진행,-,31.4,23.8,27.3,4.7,4.7,13.0,16.6,37.4,0.1,30.5,70.0,14.9,10.5
2022-08-04,목,18:30,한밭,daejeon,한화,KIA,False,정상진행,-,31.0,25.3,27.7,2.1,2.1,13.0,12.3,31.0,0.2,30.6,71.2,11.5,4.7
2022-08-10,수,18:30,한밭,daejeon,한화,LG,True,우천취소,우천취소,26.9,24.2,26.0,40.3,40.3,24.0,25.3,52.6,5.0,26.7,93.2,13.6,4.2
2022-08-11,목,18:30,한밭,daejeon,한화,LG,True,우천취소,우천취소,26.0,24.8,25.3,84.4,84.4,24.0,21.7,51.8,4.3,25.8,92.8,19.3,40.3
2022-08-12,금,18:30,한밭,daejeon,한화,LG,False,정상진행,-,31.3,23.1,27.0,0.7,0.7,3.0,11.2,25.2,0.0,31.0,64.0,5.0,84.4
2022-08-13,토,18:00,한밭,daejeon,한화,키움,False,정상진행,-,29.6,22.5,25.7,3.7,3.7,8.0,15.1,36.7,0.9,27.4,87.2,9.7,0.7
2022-08-14,일,17:00,한밭,daejeon,한화,키움,False,정상진행,-,29.1,24.5,26.6,26.7,26.7,14.0,16.9,41.4,9.4,28.9,86.2,14.4,3.7
2022-08-18,목,18:30,한밭,daejeon,한화,삼성,False,정상진행,-,29.6,19.1,24.2,0.0,0.0,0.0,10.7,25.2,0.0,28.6,61.2,9.2,4.6
2022-08-19,금,18:30,한밭,daejeon,한화,삼성,False,정상진행,-,29.3,21.4,25.8,0.7,0.7,5.0,24.2,50.0,0.0,28.9,79.5,22.1,0.0
2022-08-23,화,18:30,한밭,daejeon,한화,LG,False,정상진행,-,26.4,23.0,25.0,67.0,67.0,12.0,12.5,32.4,1.9,26.3,90.8,4.7,0.9
2022-08-24,수,18:30,한밭,daejeon,한화,LG,False,정상진행,-,25.5,20.9,23.6,1.6,1.6,6.0,19.8,43.6,0.0,25.2,69.2,14.1,67.0
2022-08-25,목,18:30,한밭,daejeon,한화,두산,False,정상진행,-,26.9,19.1,22.6,1.1,1.1,7.0,12.6,29.5,0.5,24.1,73.5,11.1,1.6
2022-08-26,금,18:30,한밭,daejeon,한화,두산,False,정상진행,-,27.0,16.1,21.8,0.0,0.0,0.0,8.2,19.4,0.0,26.2,62.2,6.3,1.1
2022-08-30,화,18:30,한밭,daejeon,한화,KIA,True,우천취소,우천취소,22.1,18.7,20.4,37.1,37.1,19.0,16.7,39.2,12.8,21.9,93.0,13.1,5.1
2022-08-31,수,18:30,한밭,daejeon,한화,KIA,False,정상진행,-,24.6,20.0,21.5,12.4,12.4,14.0,9.2,21.2,0.0,24.2,75.5,8.5,37.1
2022-09-03,토,17:00,한밭,daejeon,한화,NC,False,정상진행,-,26.1,20.4,23.0,0.0,0.0,0.0,23.1,50.0,0.0,25.5,71.2,20.5,0.3
2022-09-04,일,14:00,한밭,daejeon,한화,NC,False,정상진행,-,29.4,20.5,24.3,16.0,16.0,7.0,23.5,49.0,0.0,26.2,80.5,16.3,0.0
2022-09-10,토,17:00,한밭,daejeon,한화,SSG,False,정상진행,-,25.4,18.8,21.6,0.0,0.0,0.0,15.6,34.9,0.0,25.0,57.8,13.5,0.0
2022-09-11,일,14:00,한밭,daejeon,한화,SSG,False,정상진행,-,27.3,18.8,22.8,0.5,0.5,3.0,11.9,24.5,0.3,26.4,61.0,7.8,0.0
2022-09-13,화,18:30,한밭,daejeon,한화,KT,False,정상진행,-,27.2,20.4,23.3,1.4,1.4,5.0,19.0,41.8,0.2,26.1,69.8,14.4,4.0
2022-09-14,수,18:30,한밭,daejeon,한화,KT,False,정상진행,-,27.5,20.7,23.6,0.4,0.4,1.0,25.6,55.1,0.0,25.8,58.2,23.1,1.4
2022-09-20,화,18:30,한밭,daejeon,한화,롯데,False,정상진행,-,23.0,15.0,18.8,0.0,0.0,0.0,15.0,33.8,0.0,21.8,50.2,8.1,0.0
2022-09-21,수,18:30,한밭,daejeon,한화,롯데,False,정상진행,-,22.8,12.8,17.9,0.0,0.0,0.0,14.9,32.0,0.0,21.9,51.8,9.1,0.0
2022-09-27,화,18:30,한밭,daejeon,한화,LG,False,정상진행,-,25.6,11.6,18.8,0.0,0.0,0.0,11.8,25.9,0.0,24.4,54.8,10.0,0.0
2022-09-28,수,18:30,한밭,daejeon,한화,LG,False,정상진행,-,24.6,14.2,18.9,0.0,0.0,0.0,8.5,20.5,0.0,22.9,65.2,5.5,0.0
2022-09-29,목,18:30,한밭,daejeon,한화,두산,False,정상진행,-,24.7,12.6,18.6,0.0,0.0,0.0,7.2,19.1,0.0,24.2,54.0,3.2,0.0
2022-09-30,금,18:30,한밭,daejeon,한화,롯데,False,정상진행,-,27.0,12.1,19.1,0.0,0.0,0.0,7.0,16.2,0.0,25.6,55.2,3.8,0.0
2022-10-02,일,14:00,한밭,daejeon,한화,KIA,False,정상진행,-,28.9,16.8,21.8,1.2,1.2,1.0,15.2,32.4,0.0,26.4,49.5,4.7,0.0
2022-10-03,월,14:00,한밭,daejeon,한화,SSG,False,정상진행,-,27.6,21.6,24.2,5.1,5.1,10.0,27.7,59.4,0.0,26.6,72.0,26.4,1.2
2022-10-06,목,18:30,한밭,daejeon,한화,키움,False,정상진행,-,20.7,13.8,16.5,0.7,0.7,6.0,8.3,22.0,0.0,19.3,60.8,6.2,0.2
2023-04-07,금,18:30,한밭,daejeon,한화,SSG,False,정상진행,-,15.8,3.3,9.2,0.7,0.7,2.0,22.7,49.7,0.0,13.4,39.5,20.8,5.6
2023-04-08,토,17:00,한밭,daejeon,한화,SSG,False,정상진행,-,14.8,1.2,7.4,0.5,0.5,2.0,23.4,50.4,0.0,13.9,23.8,22.5,0.7
2023-04-09,일,14:00,한밭,daejeon,한화,SSG,False,정상진행,-,17.8,3.3,9.7,0.0,0.0,0.0,20.5,46.1,0.0,16.6,30.2,13.8,0.5
2023-04-18,화,18:30,한밭,daejeon,한화,두산,False,정상진행,-,19.9,11.4,15.5,16.5,16.5,10.0,21.3,49.0,0.3,16.9,90.0,10.6,0.0
2023-04-19,수,18:30,한밭,daejeon,한화,두산,False,정상진행,-,28.4,14.8,19.9,0.0,0.0,0.0,15.6,36.4,0.0,25.9,54.5,12.3,16.5
2023-04-20,목,18:30,한밭,daejeon,한화,두산,False,정상진행,-,25.7,14.8,18.9,0.1,0.1,1.0,16.1,37.1,0.0,24.2,52.2,14.8,0.0
2023-04-21,금,18:30,한밭,daejeon,한화,LG,False,정상진행,-,22.4,12.3,16.5,0.5,0.5,3.0,18.2,36.7,0.0,21.6,41.5,9.9,0.1
2023-04-22,토,17:00,한밭,daejeon,한화,LG,False,정상진행,-,20.6,10.0,15.4,0.0,0.0,0.0,18.3,42.8,0.0,20.4,22.5,14.9,0.5
2023-04-23,일,14:00,한밭,daejeon,한화,LG,False,정상진행,-,19.9,9.5,15.0,0.0,0.0,0.0,12.7,28.1,0.0,18.1,33.0,9.2,0.0
2023-04-28,금,18:30,한밭,daejeon,한화,NC,False,정상진행,-,22.7,7.0,15.2,0.6,0.6,2.0,20.5,46.4,0.0,20.6,55.2,14.0,0.0
2023-04-29,토,17:00,한밭,daejeon,한화,NC,False,정상진행,-,17.4,8.8,14.6,8.4,8.4,13.0,22.9,48.6,1.5,13.9,90.8,15.7,0.6
2023-04-30,일,14:00,한밭,daejeon,한화,NC,False,정상진행,-,19.2,6.5,12.7,0.0,0.0,0.0,24.3,53.3,0.0,18.1,38.5,18.9,8.4
2023-05-05,금,14:00,한밭,daejeon,한화,KT,True,우천취소,우천취소,23.0,17.5,20.1,27.2,27.2,22.0,22.6,48.6,3.0,21.8,85.0,20.4,1.6
2023-05-06,토,17:00,한밭,daejeon,한화,KT,True,우천취소,우천취소,19.9,11.8,15.8,45.3,45.3,19.0,22.7,47.9,8.6,14.0,89.2,19.9,27.2
2023-05-07,일,14:00,한밭,daejeon,한화,KT,False,정상진행,-,13.3,8.4,12.0,2.0,2.0,8.0,20.9,45.0,1.2,12.7,64.8,18.6,45.3
2023-05-09,화,18:30,한밭,daejeon,한화,삼성,False,정상진행,-,23.3,6.4,14.6,0.0,0.0,0.0,11.8,26.6,0.0,21.7,41.2,10.4,0.0
2023-05-10,수,18:30,한밭,daejeon,한화,삼성,False,정상진행,-,23.6,9.2,16.0,0.0,0.0,0.0,9.0,20.9,0.0,23.0,39.8,7.1,0.0
2023-05-11,목,18:30,한밭,daejeon,한화,삼성,False,정상진행,-,25.2,10.6,17.8,0.0,0.0,0.0,10.6,25.2,0.0,24.4,39.0,5.2,0.0
2023-05-16,화,18:30,한밭,daejeon,한화,롯데,False,정상진행,-,31.0,14.4,22.4,0.0,0.0,0.0,20.1,44.6,0.0,28.3,34.8,17.7,0.0
2023-05-17,수,18:30,한밭,daejeon,한화,롯데,False,정상진행,-,30.8,18.1,23.3,0.0,0.0,0.0,21.4,47.2,0.0,27.8,37.5,20.1,0.0
2023-05-18,목,18:30,한밭,daejeon,한화,롯데,False,정상진행,-,22.0,16.2,18.9,0.2,0.2,2.0,16.5,38.9,0.1,19.3,58.8,13.1,0.0
2023-05-23,화,18:30,한밭,daejeon,한화,KIA,False,정상진행,-,25.6,10.4,18.5,0.0,0.0,0.0,9.7,26.3,0.0,25.2,29.0,8.0,0.1
2023-05-24,수,18:30,한밭,daejeon,한화,KIA,False,정상진행,-,27.0,10.9,19.2,0.0,0.0,0.0,14.6,31.3,0.0,24.8,33.0,12.4,0.0
2023-05-25,목,18:30,한밭,daejeon,한화,KIA,False,정상진행,-,26.6,14.5,20.5,0.0,0.0,0.0,15.9,43.6,0.0,24.8,33.5,13.2,0.0
2023-05-30,화,18:30,한밭,daejeon,한화,키움,False,정상진행,-,27.3,17.6,22.2,0.1,0.1,1.0,18.4,41.0,0.1,26.4,56.8,10.3,44.4
2023-05-31,수,18:30,한밭,daejeon,한화,키움,False,정상진행,-,27.9,16.4,21.5,0.4,0.4,2.0,15.3,33.1,0.4,26.5,53.2,7.5,0.1
2023-06-01,목,18:30,한밭,daejeon,한화,키움,False,정상진행,-,26.0,17.3,21.0,0.0,0.0,0.0,13.4,31.0,0.0,23.5,57.5,10.7,0.4
2023-06-02,금,18:30,한밭,daejeon,한화,삼성,False,정상진행,-,26.5,17.6,21.6,2.6,2.6,4.0,14.6,33.1,0.0,25.3,56.2,13.0,0.0
2023-06-03,토,17:00,한밭,daejeon,한화,삼성,False,정상진행,-,26.8,13.9,20.5,0.0,0.0,0.0,16.4,36.4,0.0,26.3,32.0,15.8,2.6
2023-06-04,일,17:00,한밭,daejeon,한화,삼성,False,정상진행,-,27.1,15.6,21.1,0.0,0.0,0.0,15.5,35.6,0.0,26.7,34.2,15.4,0.0
2023-06-09,금,18:30,한밭,daejeon,한화,LG,False,정상진행,-,29.4,17.5,22.9,7.6,7.6,8.0,20.8,44.3,0.0,28.9,32.2,6.6,0.3
2023-06-10,토,17:00,한밭,daejeon,한화,LG,False,정상진행,-,31.5,19.1,23.0,3.1,3.1,2.0,16.3,43.6,3.1,26.0,60.0,13.4,7.6
2023-06-11,일,17:00,한밭,daejeon,한화,LG,False,정상진행,-,27.7,17.7,21.6,5.5,5.5,6.0,12.5,33.5,1.6,24.6,71.2,7.0,3.1
2023-06-16,금,18:30,한밭,daejeon,한화,키움,False,정상진행,-,32.1,16.2,24.0,0.0,0.0,0.0,12.3,28.1,0.0,31.5,35.2,9.2,0.5
2023-06-17,토,17:00,한밭,daejeon,한화,키움,False,정상진행,-,34.2,18.1,25.5,0.0,0.0,0.0,15.4,33.8,0.0,32.9,32.0,11.7,0.0
2023-06-18,일,17:00,한밭,daejeon,한화,키움,False,정상진행,-,34.7,20.0,26.4,0.0,0.0,0.0,12.2,28.8,0.0,34.1,29.2,4.2,0.0
2023-06-20,화,18:30,한밭,daejeon,한화,KIA,False,정상진행,-,30.0,21.2,25.7,2.5,2.5,4.0,17.4,36.4,0.0,29.5,35.2,11.8,0.0
2023-06-21,수,18:30,한밭,daejeon,한화,KIA,False,정상진행,-,25.9,20.0,22.6,7.8,7.8,17.0,17.1,38.9,1.0,24.9,78.8,12.1,2.5
2023-06-22,목,18:30,한밭,daejeon,한화,KIA,False,정상진행,-,28.2,19.1,22.7,3.0,3.0,13.0,17.5,39.2,1.1,26.5,56.5,16.4,7.8
2023-06-27,화,18:30,한밭,daejeon,한화,KT,False,정상진행,-,30.1,21.8,25.2,17.0,17.0,11.0,21.3,48.6,0.2,28.4,64.5,14.5,31.3
2023-06-28,수,18:30,한밭,daejeon,한화,KT,False,정상진행,-,29.0,21.8,24.7,4.1,4.1,13.0,16.9,40.3,0.8,27.9,76.5,15.6,17.0
2023-06-29,목,18:30,한밭,daejeon,한화,KT,True,그라운드사정,그라운드사정,26.3,23.1,24.4,24.8,24.8,17.0,25.9,55.4,5.5,25.1,92.5,22.4,4.1
2023-07-04,화,18:30,한밭,daejeon,한화,롯데,True,우천취소,우천취소,27.4,23.4,25.3,25.0,25.0,17.0,16.0,33.8,9.2,25.7,89.5,6.2,0.0
2023-07-05,수,18:30,한밭,daejeon,한화,롯데,False,정상진행,-,27.6,22.0,24.7,20.5,20.5,9.0,26.4,55.4,0.0,26.6,69.8,18.6,25.0
2023-07-06,목,18:30,한밭,daejeon,한화,롯데,False,정상진행,-,31.2,21.8,25.9,0.0,0.0,0.0,15.9,36.4,0.0,30.0,54.0,11.1,20.5
2023-07-07,금,18:30,한밭,daejeon,한화,SSG,True,우천취소,우천취소,28.5,19.3,22.6,27.6,27.6,11.0,18.2,39.6,14.7,21.2,87.0,16.8,0.0
2023-07-08,토,18:00,한밭,daejeon,한화,SSG,False,정상진행,-,29.2,21.0,25.0,2.9,2.9,12.0,11.7,26.3,0.1,28.8,74.2,9.4,27.6
2023-07-09,일,17:00,한밭,daejeon,한화,SSG,False,정상진행,-,30.8,22.1,25.7,11.9,11.9,10.0,21.5,52.9,11.1,26.5,84.2,14.7,2.9
2023-07-21,금,18:30,한밭,daejeon,한화,NC,False,정상진행,-,33.0,22.9,27.5,0.3,0.3,1.0,7.9,21.6,0.3,31.0,59.0,5.1,0.0
2023-07-22,토,18:00,한밭,daejeon,한화,NC,False,정상진행,-,28.0,22.4,25.3,7.6,7.6,11.0,17.3,38.5,3.4,26.1,85.0,12.3,0.3
2023-07-23,일,17:00,한밭,daejeon,한화,NC,True,우천취소,우천취소,26.5,24.7,25.3,32.4,32.4,18.0,22.7,51.5,4.7,25.5,92.5,16.2,7.6
2023-08-01,화,18:30,한밭,daejeon,한화,두산,False,정상진행,-,34.4,24.2,29.3,0.0,0.0,0.0,7.6,22.0,0.0,34.1,53.0,3.0,2.1
2023-08-02,수,18:30,한밭,daejeon,한화,두산,False,정상진행,-,33.3,25.1,29.0,1.4,1.4,5.0,7.6,19.1,0.7,32.4,62.2,7.1,0.0
2023-08-03,목,18:30,한밭,daejeon,한화,두산,False,정상진행,-,34.2,24.8,29.4,0.0,0.0,0.0,10.3,22.3,0.0,33.2,55.2,8.9,1.4
2023-08-11,금,18:30,한밭,daejeon,한화,두산,False,정상진행,-,28.0,22.5,24.9,5.3,5.3,17.0,21.6,46.8,0.9,26.4,79.2,15.8,173.2
2023-08-12,토,18:00,한밭,daejeon,한화,두산,False,정상진행,-,29.2,22.8,25.6,4.8,4.8,11.0,11.2,27.0,0.4,28.5,68.8,9.2,5.3
2023-08-13,일,17:00,한밭,daejeon,한화,두산,False,정상진행,-,31.2,22.5,26.9,0.0,0.0,0.0,5.8,15.1,0.0,30.8,60.8,3.2,4.8
2023-08-18,금,18:30,한밭,daejeon,한화,KT,False,정상진행,-,32.3,23.3,27.2,0.9,0.9,4.0,12.4,28.4,0.9,30.1,65.2,9.3,0.1
2023-08-19,토,18:00,한밭,daejeon,한화,KT,False,정상진행,-,32.6,23.3,27.3,6.5,6.5,8.0,7.2,21.6,5.8,30.3,71.0,4.8,0.9
2023-08-20,일,17:00,한밭,daejeon,한화,KT,False,정상진행,-,32.5,24.2,28.0,1.9,1.9,12.0,9.0,21.6,0.6,31.6,62.8,6.3,6.5
2023-08-22,화,18:30,한밭,daejeon,한화,삼성,False,정상진행,-,31.3,25.1,27.5,4.1,4.1,8.0,20.3,48.2,0.7,28.1,81.2,11.2,2.9
2023-08-23,수,18:30,한밭,daejeon,한화,삼성,True,우천취소,우천취소,30.5,23.3,26.3,19.4,19.4,24.0,17.7,40.7,6.0,27.2,85.2,10.3,4.1
2023-08-24,목,18:30,한밭,daejeon,한화,삼성,True,우천취소,우천취소,28.5,24.0,25.6,12.2,12.2,18.0,12.1,28.8,1.9,26.9,84.0,7.1,19.4
2023-08-29,화,18:30,한밭,daejeon,한화,롯데,True,우천취소,우천취소,27.6,23.2,25.5,12.6,12.6,15.0,23.7,53.3,3.7,25.5,91.5,15.6,9.2
2023-08-30,수,18:30,한밭,daejeon,한화,롯데,True,우천취소,우천취소,23.1,20.4,22.2,62.5,62.5,23.0,4.8,19.1,21.6,22.7,91.0,4.0,12.6
2023-08-31,목,18:30,한밭,daejeon,한화,롯데,False,정상진행,-,26.2,19.3,22.2,0.6,0.6,4.0,7.6,18.4,0.0,25.8,66.0,6.7,62.5
2023-09-05,화,18:30,한밭,daejeon,한화,SSG,False,정상진행,-,29.9,22.8,26.2,0.0,0.0,0.0,14.1,32.8,0.0,29.5,61.0,7.2,1.8
2023-09-06,수,18:30,한밭,daejeon,한화,SSG,False,정상진행,-,29.8,21.2,25.6,0.0,0.0,0.0,11.0,25.2,0.0,29.3,58.0,8.3,0.0
2023-09-07,목,18:30,한밭,daejeon,한화,SSG,False,정상진행,-,28.6,19.2,24.2,0.0,0.0,0.0,16.9,37.4,0.0,28.1,53.5,13.9,0.0
2023-09-15,금,18:30,한밭,daejeon,한화,LG,False,정상진행,-,24.1,21.6,22.7,28.0,28.0,23.0,14.1,34.2,3.5,23.7,92.2,8.1,16.2
2023-09-16,토,17:00,한밭,daejeon,한화,KT,True,우천취소,우천취소,29.0,21.5,23.6,44.7,44.7,21.0,14.9,65.2,15.9,24.5,91.8,3.3,28.0
2023-09-17,일,14:00,한밭,daejeon,한화,KT,False,정상진행,-,27.9,20.4,23.7,8.4,8.4,8.0,11.8,25.6,0.0,27.2,70.8,5.3,44.7
2023-09-17,일,14:00,한밭,daejeon,한화,KT,False,정상진행,-,27.9,20.4,23.7,8.4,8.4,8.0,11.8,25.6,0.6,26.8,71.0,9.9,44.7
2023-09-17,일,17:00,한밭,daejeon,한화,KT,False,정상진행,-,27.9,20.4,23.7,8.4,8.4,8.0,11.8,25.6,0.0,27.2,70.8,5.3,44.7
2023-09-17,일,17:00,한밭,daejeon,한화,KT,False,정상진행,-,27.9,20.4,23.7,8.4,8.4,8.0,11.8,25.6,0.6,26.8,71.0,9.9,44.7
2023-09-18,월,18:30,한밭,daejeon,한화,KT,False,정상진행,-,28.2,20.8,24.1,0.8,0.8,5.0,13.7,32.0,0.1,27.0,72.0,9.1,8.4
2023-09-19,화,18:30,한밭,daejeon,한화,SSG,False,정상진행,-,28.3,20.3,23.9,0.3,0.3,3.0,7.8,18.4,0.0,27.6,62.2,3.7,0.8
2023-09-20,수,18:30,한밭,daejeon,한화,롯데,True,우천취소,우천취소,23.8,20.4,21.8,105.7,105.7,15.0,34.4,72.4,40.6,21.8,91.2,23.8,0.3
2023-09-21,목,18:30,한밭,daejeon,한화,KIA,False,정상진행,-,21.7,17.3,19.8,0.3,0.3,2.0,20.9,43.6,0.0,21.2,75.2,7.7,105.7
2023-09-22,금,18:30,한밭,daejeon,한화,키움,False,정상진행,-,23.8,14.0,18.6,0.0,0.0,0.0,8.9,23.0,0.0,23.2,58.8,6.9,0.3
2023-09-26,화,18:30,한밭,daejeon,한화,삼성,True,우천취소,우천취소,22.8,19.9,21.2,30.1,30.1,21.0,13.8,28.4,0.6,22.5,92.2,10.1,7.4
2023-09-27,수,15:00,한밭,daejeon,한화,삼성,False,정상진행,-,24.9,19.9,22.0,3.0,3.0,9.0,15.2,33.8,0.4,24.4,75.0,14.6,30.1
2023-09-27,수,15:00,한밭,daejeon,한화,삼성,False,정상진행,-,24.9,19.9,22.0,3.0,3.0,9.0,15.2,33.8,0.0,23.7,75.8,12.7,30.1
2023-09-27,수,18:30,한밭,daejeon,한화,삼성,False,정상진행,-,24.9,19.9,22.0,3.0,3.0,9.0,15.2,33.8,0.4,24.4,75.0,14.6,30.1
2023-09-27,수,18:30,한밭,daejeon,한화,삼성,False,정상진행,-,24.9,19.9,22.0,3.0,3.0,9.0,15.2,33.8,0.0,23.7,75.8,12.7,30.1
2023-10-01,일,14:00,한밭,daejeon,한화,NC,False,정상진행,-,21.8,13.0,17.4,0.0,0.0,0.0,17.7,38.9,0.0,21.3,41.0,16.0,4.0
2023-10-02,월,14:00,한밭,daejeon,한화,NC,False,정상진행,-,22.0,12.9,17.2,0.0,0.0,0.0,11.5,27.0,0.0,21.4,47.5,9.4,0.0
2023-10-14,토,17:00,한밭,daejeon,한화,롯데,False,정상진행,-,20.7,11.2,15.6,0.7,0.7,5.0,16.9,38.9,0.5,19.1,63.0,13.3,0.0
2023-10-15,일,14:00,한밭,daejeon,한화,롯데,False,정상진행,-,20.1,9.2,14.6,0.5,0.5,4.0,16.0,35.3,0.5,19.1,62.5,14.3,0.7
2023-10-16,월,18:30,한밭,daejeon,한화,롯데,False,정상진행,-,19.2,10.2,14.4,0.0,0.0,0.0,12.6,27.7,0.0,17.0,49.5,10.7,0.5
2024-03-29,금,18:30,한밭,daejeon,한화,KT,False,정상진행,-,14.7,5.0,9.3,1.5,1.5,5.0,38.6,78.5,0.3,13.3,79.2,22.4,14.6
2024-03-30,토,14:00,한밭,daejeon,한화,KT,False,정상진행,-,17.2,2.1,9.2,1.0,1.0,2.0,22.3,47.2,1.0,15.2,47.8,13.2,1.5
2024-03-31,일,14:00,한밭,daejeon,한화,KT,False,정상진행,-,16.7,1.9,9.3,0.0,0.0,0.0,11.8,28.8,0.0,14.8,34.2,11.1,1.0
2024-04-02,화,18:30,한밭,daejeon,한화,롯데,False,정상진행,-,22.9,5.3,14.6,0.1,0.1,1.0,7.7,17.6,0.0,21.8,43.8,4.1,0.0
2024-04-03,수,18:30,한밭,daejeon,한화,롯데,True,우천취소,우천취소,14.6,10.5,13.0,15.2,15.2,20.0,17.8,37.1,3.8,13.4,92.0,13.0,0.1
2024-04-04,목,18:30,한밭,daejeon,한화,롯데,False,정상진행,-,14.9,8.9,12.0,4.7,4.7,15.0,18.4,41.8,0.7,14.0,70.8,16.8,15.2
2024-04-12,금,18:30,한밭,daejeon,한화,KIA,False,정상진행,-,23.6,8.2,15.9,0.0,0.0,0.0,6.5,18.4,0.0,23.1,38.8,4.5,0.0
2024-04-13,토,14:00,한밭,daejeon,한화,KIA,False,정상진행,-,26.1,9.1,17.5,0.0,0.0,0.0,8.7,24.1,0.0,23.9,34.0,7.2,0.0
2024-04-14,일,14:00,한밭,daejeon,한화,KIA,False,정상진행,-,27.1,10.3,19.0,0.0,0.0,0.0,12.6,28.1,0.0,25.6,35.8,3.8,0.0
2024-04-19,금,18:30,한밭,daejeon,한화,삼성,False,정상진행,-,24.3,8.9,16.5,0.0,0.0,0.0,10.8,25.2,0.0,23.2,29.2,9.6,0.0
2024-04-20,토,17:00,한밭,daejeon,한화,삼성,False,정상진행,-,16.3,13.0,14.3,10.9,10.9,13.0,20.1,43.6,5.2,14.6,89.2,18.4,0.0
2024-04-21,일,14:00,한밭,daejeon,한화,삼성,False,정상진행,-,18.4,13.8,15.8,0.6,0.6,5.0,23.4,48.6,0.0,17.9,71.2,21.7,10.9
2024-04-26,금,18:30,한밭,daejeon,한화,두산,False,정상진행,-,24.8,8.5,16.6,0.0,0.0,0.0,10.2,23.4,0.0,22.8,44.5,8.8,0.0
2024-04-27,토,17:00,한밭,daejeon,한화,두산,False,정상진행,-,25.6,9.8,17.5,0.0,0.0,0.0,9.6,24.5,0.0,25.2,32.8,7.8,0.0
2024-04-28,일,14:00,한밭,daejeon,한화,두산,False,정상진행,-,27.5,8.7,18.6,0.0,0.0,0.0,9.9,24.8,0.0,25.6,32.8,4.2,0.0
2024-04-30,화,18:30,한밭,daejeon,한화,SSG,False,정상진행,-,19.9,11.0,15.3,0.2,0.2,2.0,11.2,24.5,0.0,17.9,68.8,10.3,0.4
2024-05-01,수,18:30,한밭,daejeon,한화,SSG,False,정상진행,-,19.6,11.8,15.3,0.0,0.0,0.0,19.0,45.4,0.0,19.4,43.8,10.6,0.2
2024-05-02,목,18:30,한밭,daejeon,한화,SSG,False,정상진행,-,23.9,8.0,16.1,0.0,0.0,0.0,13.5,29.9,0.0,23.1,37.8,10.0,0.0
2024-05-10,금,18:30,한밭,daejeon,한화,키움,False,정상진행,-,23.2,10.4,16.4,0.0,0.0,0.0,17.1,38.5,0.0,21.7,52.2,14.9,0.0
2024-05-11,토,14:00,한밭,daejeon,한화,키움,False,정상진행,-,23.4,13.5,18.7,9.4,9.4,6.0,30.0,65.9,0.6,22.8,56.8,26.5,0.0
2024-05-12,일,14:00,한밭,daejeon,한화,키움,False,정상진행,-,21.7,12.7,16.6,3.9,3.9,3.0,16.6,35.3,0.0,20.9,43.8,10.0,9.4
2024-05-14,화,18:30,한밭,daejeon,한화,NC,False,정상진행,-,23.8,10.6,17.2,0.0,0.0,0.0,11.8,25.9,0.0,22.6,42.5,10.7,0.0
2024-05-15,수,14:00,한밭,daejeon,한화,NC,False,정상진행,-,22.9,9.3,14.3,9.6,9.6,9.0,21.6,46.8,0.0,21.8,47.5,11.6,0.0
2024-05-16,목,18:30,한밭,daejeon,한화,NC,False,정상진행,-,19.1,7.2,12.9,5.6,5.6,4.0,26.0,59.4,0.0,18.1,45.8,17.8,9.6
2024-05-21,화,18:30,한밭,daejeon,한화,LG,False,정상진행,-,25.1,13.9,19.7,0.0,0.0,0.0,12.5,31.3,0.0,24.8,51.8,10.8,0.0
2024-05-22,수,18:30,한밭,daejeon,한화,LG,False,정상진행,-,26.7,13.9,20.3,0.0,0.0,0.0,11.9,25.6,0.0,26.2,51.8,10.4,0.0
2024-05-23,목,18:30,한밭,daejeon,한화,LG,False,정상진행,-,28.6,15.1,21.0,0.0,0.0,0.0,12.5,28.8,0.0,27.2,38.2,12.1,0.0
2024-05-28,화,18:30,한밭,daejeon,한화,롯데,False,정상진행,-,23.0,13.0,18.1,0.1,0.1,1.0,16.4,36.0,0.1,22.6,46.8,13.3,0.4
2024-05-29,수,18:30,한밭,daejeon,한화,롯데,False,정상진행,-,26.6,11.6,19.6,0.0,0.0,0.0,9.5,23.0,0.0,26.1,40.8,7.9,0.1
2024-05-30,목,18:30,한밭,daejeon,한화,롯데,False,정상진행,-,27.4,14.8,20.3,0.0,0.0,0.0,8.4,16.9,0.0,24.9,52.0,4.4,0.0
2024-06-07,금,18:30,한밭,daejeon,한화,NC,False,정상진행,-,28.3,14.9,22.0,0.2,0.2,2.0,18.0,37.4,0.0,26.8,42.0,12.5,0.0
2024-06-08,토,17:00,한밭,daejeon,한화,NC,False,정상진행,-,22.6,17.8,20.3,9.4,9.4,14.0,16.2,37.8,3.0,22.1,82.0,14.1,0.2
2024-06-09,일,17:00,한밭,daejeon,한화,NC,False,정상진행,-,29.5,18.9,23.2,0.2,0.2,1.0,14.4,32.4,0.0,28.9,46.0,8.0,9.4
2024-06-14,금,18:30,한밭,daejeon,한화,SSG,False,정상진행,-,32.9,18.9,26.1,0.0,0.0,0.0,16.3,34.9,0.0,32.0,36.8,10.9,0.0
2024-06-15,토,17:00,한밭,daejeon,한화,SSG,False,정상진행,-,28.6,20.7,24.3,10.4,10.4,7.0,12.4,32.8,3.0,27.3,62.2,9.3,0.0
2024-06-16,일,17:00,한밭,daejeon,한화,SSG,False,정상진행,-,28.7,18.8,23.4,0.2,0.2,2.0,16.5,38.2,0.0,28.2,38.8,15.5,10.4
2024-06-25,화,18:30,한밭,daejeon,한화,두산,False,정상진행,-,27.6,16.7,21.9,0.0,0.0,0.0,17.1,38.9,0.0,25.8,48.5,16.0,2.9
2024-06-26,수,18:30,한밭,daejeon,한화,두산,False,정상진행,-,28.8,17.7,23.2,0.0,0.0,0.0,11.1,24.8,0.0,28.3,42.0,10.1,0.0
2024-06-27,목,18:30,한밭,daejeon,한화,두산,False,정상진행,-,28.7,18.0,23.5,0.0,0.0,0.0,8.0,21.2,0.0,28.3,45.8,7.6,0.0
2024-07-02,화,18:30,한밭,daejeon,한화,KT,False,정상진행,-,29.5,22.1,25.3,35.3,35.3,15.0,21.6,51.1,0.4,29.1,76.5,15.2,0.1
2024-07-03,수,18:30,한밭,daejeon,한화,KT,False,정상진행,-,28.5,22.9,25.5,21.3,21.3,12.0,23.6,50.4,0.0,27.6,68.2,20.7,35.3
2024-07-04,목,18:30,한밭,daejeon,한화,KT,False,정상진행,-,31.7,22.4,26.7,0.4,0.4,4.0,21.7,45.4,0.0,31.0,64.5,17.5,21.3
2024-07-12,금,18:30,한밭,daejeon,한화,LG,False,정상진행,-,30.3,21.5,25.4,0.5,0.5,5.0,11.4,23.0,0.1,30.0,59.0,4.5,1.7
2024-07-13,토,18:00,한밭,daejeon,한화,LG,False,정상진행,-,30.5,22.1,25.3,2.0,2.0,5.0,10.0,40.7,1.0,26.5,81.0,6.8,0.5
2024-07-14,일,17:00,한밭,daejeon,한화,LG,False,정상진행,-,30.7,22.6,25.8,2.0,2.0,6.0,16.9,38.2,0.1,30.2,59.8,8.2,2.0
2024-07-19,금,18:30,한밭,daejeon,한화,KIA,False,정상진행,-,29.6,23.5,25.5,2.5,2.5,11.0,15.1,34.9,0.0,29.4,65.2,11.7,15.3
2024-07-20,토,18:00,한밭,daejeon,한화,KIA,False,정상진행,-,30.6,22.7,25.9,12.2,12.2,9.0,23.0,49.0,2.1,29.6,78.2,18.8,2.5
2024-07-21,일,17:00,한밭,daejeon,한화,KIA,False,정상진행,-,30.3,24.4,26.9,8.5,8.5,17.0,29.9,66.6,1.0,29.7,76.5,17.0,12.2
2024-07-23,화,18:30,한밭,daejeon,한화,삼성,False,정상진행,-,28.2,25.7,26.8,7.8,7.8,10.0,27.6,56.9,3.3,27.2,91.5,15.9,0.0
2024-07-24,수,18:30,한밭,daejeon,한화,삼성,False,정상진행,-,30.7,23.3,26.9,4.7,4.7,19.0,14.6,32.8,0.5,29.6,77.2,12.0,7.8
2024-07-25,목,18:30,한밭,daejeon,한화,삼성,True,우천취소,우천취소,32.9,24.1,28.0,1.7,1.7,4.0,12.0,31.3,0.8,30.1,78.2,6.1,4.7
2024-08-02,금,18:30,한밭,daejeon,한화,KIA,False,정상진행,-,32.7,26.2,29.1,1.9,1.9,5.0,15.5,35.3,1.0,31.7,73.5,11.3,0.5
2024-08-03,토,18:00,한밭,daejeon,한화,KIA,False,정상진행,-,33.5,26.2,29.5,1.2,1.2,7.0,9.7,24.8,0.2,33.2,64.0,5.4,1.9
2024-08-04,일,17:00,한밭,daejeon,한화,KIA,True,우천취소,우천취소,33.9,25.3,29.2,3.3,3.3,4.0,8.7,29.5,0.0,33.3,65.0,6.5,1.2
2024-08-09,금,18:30,한밭,daejeon,한화,키움,False,정상진행,-,33.5,23.9,28.1,0.0,0.0,0.0,6.3,17.3,0.0,33.0,54.2,4.7,1.5
2024-08-10,토,18:00,한밭,daejeon,한화,키움,False,정상진행,-,33.1,24.3,28.3,1.2,1.2,4.0,10.6,22.0,0.6,31.2,67.5,6.8,0.0
2024-08-11,일,18:00,한밭,daejeon,한화,키움,False,정상진행,-,34.0,24.6,29.2,0.1,0.1,1.0,7.4,19.4,0.0,33.5,51.2,6.8,1.2
2024-08-13,화,18:30,한밭,daejeon,한화,LG,False,정상진행,-,34.2,25.0,29.4,0.1,0.1,1.0,12.6,27.0,0.1,33.7,56.5,7.7,0.4
2024-08-14,수,18:30,한밭,daejeon,한화,LG,False,정상진행,-,34.4,24.6,29.5,0.0,0.0,0.0,11.4,25.2,0.0,34.2,45.2,9.4,0.1
2024-08-15,목,18:00,한밭,daejeon,한화,LG,False,정상진행,-,33.4,24.8,28.7,0.8,0.8,4.0,12.2,28.1,0.6,31.8,60.5,7.6,0.0
2024-08-31,토,18:00,한밭,daejeon,한화,KT,False,정상진행,-,32.8,21.9,26.8,0.0,0.0,0.0,7.1,20.2,0.0,32.3,44.8,3.8,0.0
2024-09-03,화,18:30,한밭,daejeon,한화,두산,False,정상진행,-,30.2,23.3,26.5,2.0,2.0,5.0,17.9,40.7,0.0,29.8,47.8,11.4,0.0
2024-09-11,수,18:30,한밭,daejeon,한화,삼성,False,정상진행,-,35.2,24.4,27.8,17.0,17.0,10.0,14.7,34.2,8.1,27.3,89.5,2.4,0.0
2024-09-12,목,18:30,한밭,daejeon,한화,삼성,False,정상진행,-,31.7,24.8,27.0,13.7,13.7,15.0,10.2,28.8,6.4,28.6,78.5,6.0,17.0
2024-09-21,토,17:00,한밭,daejeon,한화,롯데,True,우천취소,우천취소,24.6,20.6,22.7,51.8,51.8,18.0,21.3,44.3,8.2,21.6,91.0,19.3,27.6
2024-09-22,일,14:00,한밭,daejeon,한화,롯데,False,정상진행,-,24.4,18.8,21.0,3.0,3.0,8.0,17.4,37.4,0.6,24.2,72.0,12.6,51.8
2024-09-23,월,18:30,한밭,daejeon,한화,롯데,False,정상진행,-,24.3,16.6,19.9,0.0,0.0,0.0,19.1,42.1,0.0,23.4,54.0,13.3,3.0
2024-09-27,금,18:30,한밭,daejeon,한화,KIA,False,정상진행,-,26.6,18.9,22.2,0.2,0.2,2.0,9.2,21.6,0.0,25.5,55.2,8.0,2.4
2024-09-28,토,17:00,한밭,daejeon,한화,SSG,False,정상진행,-,27.2,19.7,23.0,0.4,0.4,4.0,17.4,37.8,0.2,26.6,60.5,16.6,0.2
2024-09-29,일,17:00,한밭,daejeon,한화,NC,False,정상진행,-,26.6,19.0,22.3,0.0,0.0,0.0,18.5,40.3,0.0,26.3,56.0,15.2,0.4
